,Track Name,Artists,Album Name,Album ID,Track ID,Popularity,Release Date,Duration (ms),Explicit,External URLs,Danceability,Energy,Key,Loudness,Mode,Speechiness,Acousticness,Instrumentalness,Liveness,Valence,Tempo
0,Darkside,"Alan Walker, Au/Ra, Tomine Harket",Different World,3nzuGtN3nXARvvecier4K0,6SRWhUJcD2YKahCwHavz3X,74,2018-12-14,211680,False,https://open.spotify.com/track/6SRWhUJcD2YKahCwHavz3X,0.43,0.606,4,-5.115,0,0.0431,0.131,0.0,0.173,0.123,169.988
1,Stranger Things (feat. OneRepublic),"Kygo, OneRepublic",Kids in Love,47oyrKaeobswT4T8zyaxdM,4sJqSKPc5fZ5OZ8JiVI44N,59,2017-11-03,221440,False,https://open.spotify.com/track/4sJqSKPc5fZ5OZ8JiVI44N,0.604,0.661,0,-5.914,1,0.0375,0.234,0.0,0.0951,0.506,107.016
2,Shallow,"Lady Gaga, Bradley Cooper",A Star Is Born Soundtrack,4sLtOBOzn4s3GDUv3c5oJD,2VxeLyX666F8uXCJ0dZF8B,84,2018-10-05,215733,False,https://open.spotify.com/track/2VxeLyX666F8uXCJ0dZF8B,0.572,0.385,7,-6.362,1,0.0308,0.371,0.0,0.231,0.323,95.799
3,Happier,"Marshmello, Bastille",Happier,78EicdHZr5XBWD7llEZ1Jh,2dpaYNEQHiRxtZbfNsse99,77,2018-08-17,214290,False,https://open.spotify.com/track/2dpaYNEQHiRxtZbfNsse99,0.687,0.792,5,-2.749,1,0.0452,0.191,0.0,0.167,0.671,100.015
4,Into You,"Matisse & Sadko, Hanne Mjøen",Into You,25zpnw9BaDhdjURrYD9dkh,2PhlrsYp7TSkK96ngbmL38,62,2017-12-08,161538,False,https://open.spotify.com/track/2PhlrsYp7TSkK96ngbmL38,0.553,0.687,8,-6.4,1,0.034,0.0336,0.0,0.125,0.278,156.0
5,Without Me,Halsey,Without Me,0zzrCTzvL4ZmR42xF46Afm,5p7ujcrUXASCNwRaWNHR1C,75,2018-10-04,201661,True,https://open.spotify.com/track/5p7ujcrUXASCNwRaWNHR1C,0.752,0.488,6,-7.05,1,0.0705,0.297,9.11e-06,0.0936,0.533,136.041
6,Lucid Dreams,Juice WRLD,Goodbye & Good Riddance,6tkjU4Umpo79wwkgPMV3nZ,285pBltuF7vW8TeWk8hdRR,84,2018-12-10,239836,True,https://open.spotify.com/track/285pBltuF7vW8TeWk8hdRR,0.511,0.566,6,-7.23,0,0.2,0.349,0.0,0.34,0.218,83.903
7,This Feeling,"The Chainsmokers, Kelsea Ballerini",Sick Boy,6ZvDJs17O3woQirttKRYCG,4NBTZtAt1F13VvlSKe6KTl,73,2018-12-14,197947,False,https://open.spotify.com/track/4NBTZtAt1F13VvlSKe6KTl,0.575,0.571,1,-7.906,1,0.0439,0.0558,0.0,0.0912,0.449,105.049
8,Eastside (with Halsey & Khalid),"benny blanco, Halsey, Khalid",FRIENDS KEEP SECRETS,7dQ734EW0iLvQfF6vBFNiZ,7FGq80cy8juXBCD2nrqdWU,80,2018-12-07,170770,False,https://open.spotify.com/track/7FGq80cy8juXBCD2nrqdWU,0.632,0.686,6,-7.665,0,0.243,0.549,0.0,0.2,0.329,89.949
9,Sunflower - Spider-Man: Into the Spider-Verse,"Post Malone, Swae Lee",Spider-Man: Into the Spider-Verse (Soundtrack From & Inspired by the Motion Picture),35s58BRTGAEWztPo9WqCIs,3KkXRkHbMCARz0aVfEt68P,86,2018-12-14,158040,False,https://open.spotify.com/track/3KkXRkHbMCARz0aVfEt68P,0.76,0.479,2,-5.574,1,0.0466,0.556,0.0,0.0703,0.913,89.911
10,Here With Me,"Marshmello, CHVRCHES",Here With Me,6NHS3hV16MZyfcp0nSHdrd,5icOoE6VgqFKohjWWNp0Ac,74,2019-03-08,156347,False,https://open.spotify.com/track/5icOoE6VgqFKohjWWNp0Ac,0.791,0.565,5,-3.933,0,0.0439,0.0623,0.0,0.156,0.181,99.961
11,Sway,Tove Styrke,Sway,3fSRbKgYW6kcR1ZFMaaNV4,1w7eNekZsyrLw99oygfDs4,46,2018-05-04,210773,False,https://open.spotify.com/track/1w7eNekZsyrLw99oygfDs4,0.755,0.694,8,-5.361,1,0.0424,0.205,0.000823,0.274,0.531,120.058
12,Consistent,No/Me,Consistent,00H4hXLkzwVcgYeIKvZeRH,5T1aes2aQ6doXVLDdbp9fw,36,2018-09-07,182053,True,https://open.spotify.com/track/5T1aes2aQ6doXVLDdbp9fw,0.527,0.605,5,-5.133,0,0.0444,0.00975,3.11e-06,0.119,0.336,76.246
13,7 rings,Ariana Grande,"thank u, next",2fYhqwDWXjbpjaIJPEfKFw,6ocbgoVGwYJhOv1GgI9NsF,84,2019-02-08,178627,True,https://open.spotify.com/track/6ocbgoVGwYJhOv1GgI9NsF,0.778,0.317,1,-10.732,0,0.334,0.592,0.0,0.0881,0.327,140.048
14,Bad Liar,Imagine Dragons,Origins (Deluxe),3JfSxDfmwS5OeHPwLSkrfr,2RSHsoi04658QL5xgQVov3,81,2018-11-09,260773,False,https://open.spotify.com/track/2RSHsoi04658QL5xgQVov3,0.383,0.637,3,-6.993,1,0.0703,0.0722,0.0,0.368,0.0827,177.913
15,Grip,"Seeb, Bastille",Grip,1TwCR17ZsRgWTo00mmlzqq,3gicyfiEVMGONgzygpWjNT,52,2018-12-06,198075,False,https://open.spotify.com/track/3gicyfiEVMGONgzygpWjNT,0.598,0.904,4,-2.293,1,0.0507,0.331,0.0,0.264,0.503,138.091
16,Rise,"Jonas Blue, Jack & Jack",Rise,3KjCdhPbjbLptyJzviKu4P,3u1S1OmAUhx5DRlLrXqyp3,65,2018-05-25,194408,False,https://open.spotify.com/track/3u1S1OmAUhx5DRlLrXqyp3,0.69,0.784,1,-4.653,1,0.032,0.323,0.0,0.203,0.669,106.066
17,Lost Control,"Alan Walker, Sorana",Different World,3nzuGtN3nXARvvecier4K0,0lG6QM1jjbbX5UUn3DPmrZ,65,2018-12-14,222320,False,https://open.spotify.com/track/0lG6QM1jjbbX5UUn3DPmrZ,0.736,0.555,4,-4.689,1,0.0757,0.0345,0.000157,0.0798,0.323,91.997
18,Ghosttown,Madonna,Rebel Heart (Deluxe),5TAX07toYGN4AFshlKpmZb,4yDLW1kpgN7RGa6wCtxlL8,51,2015-03-10,249600,False,https://open.spotify.com/track/4yDLW1kpgN7RGa6wCtxlL8,0.54,0.55,5,-6.521,1,0.0368,0.0362,0.000203,0.115,0.0899,79.037
19,"Ashes - from ""Deadpool 2"" Motion Picture Soundtrack",Céline Dion,"Ashes (from ""Deadpool 2"" Motion Picture Soundtrack)",3NrXBJmXedum2g4vKr3d9y,7FihoA0WgTT21DkWR7wbYR,62,2018-05-03,199507,False,https://open.spotify.com/track/7FihoA0WgTT21DkWR7wbYR,0.342,0.425,0,-9.064,0,0.0425,0.459,0.0,0.122,0.115,110.62
20,ME! (feat. Brendon Urie of Panic! At The Disco),"Taylor Swift, Brendon Urie, Panic! At The Disco",ME! (feat. Brendon Urie of Panic! At The Disco),6tHLalOVUNJYJlNYkRlNjC,4MsUsFfWseB9M2plGJyuIw,11,2019-04-26,193040,False,https://open.spotify.com/track/4MsUsFfWseB9M2plGJyuIw,0.614,0.839,0,-4.143,1,0.0702,0.0291,0.0,0.112,0.657,182.123
21,Pompeii,Bastille,Bad Blood,64fQ94AVziavTPdnkCS6Nj,3gbBpTdY8lnQwqxNCcf795,73,2013-01-01,214148,False,https://open.spotify.com/track/3gbBpTdY8lnQwqxNCcf795,0.679,0.715,9,-6.383,1,0.0407,0.0755,0.0,0.271,0.571,127.435
22,Human,Rag'n'Bone Man,Human,2Tjk7cYdH5s6dFhrmmRIw1,3erAiWBiKsbVG39cqCrsI0,0,2016-07-21,199413,False,https://open.spotify.com/track/3erAiWBiKsbVG39cqCrsI0,0.643,0.698,11,-4.094,1,0.276,0.414,0.0,0.169,0.556,75.073
23,Centuries,Fall Out Boy,American Beauty/American Psycho,022DrG7Wp2PSCwzuD0bSzT,04aAxqtGp5pv12UXAg4pkq,81,2015-01-20,228360,False,https://open.spotify.com/track/04aAxqtGp5pv12UXAg4pkq,0.393,0.858,4,-2.868,0,0.0729,0.00359,0.0,0.102,0.56,176.042
24,Counting Stars,OneRepublic,Native (Deluxe),24REY1t8dFi2VXi6oUVO8j,519uJbE3zyKLlToVA65PrP,0,2013-01-01,257267,False,https://open.spotify.com/track/519uJbE3zyKLlToVA65PrP,0.665,0.7,1,-4.946,0,0.042,0.066,0.0,0.119,0.473,121.961
25,Demons,Imagine Dragons,Night Visions (Deluxe),1vAEF8F0HoRFGiYOEeJXHW,2Oehrcv4Kov0SuIgWyQY9e,22,2012-09-04,175200,False,https://open.spotify.com/track/2Oehrcv4Kov0SuIgWyQY9e,0.327,0.71,3,-2.928,1,0.0547,0.202,9e-05,0.28,0.416,179.561
26,Something Just Like This,"The Chainsmokers, Coldplay",Something Just Like This,7IzpJkWQqgz1BTutQvSitX,1dNIEtp7AY3oDAKCGg2XkH,74,2017-02-22,247627,False,https://open.spotify.com/track/1dNIEtp7AY3oDAKCGg2XkH,0.607,0.649,11,-6.695,0,0.0362,0.0306,2.46e-05,0.174,0.505,102.996
27,Waiting For Love,Avicii,Waiting For Love,0LUr5Q06EQu7QIid7cACFU,5eCgNATwXgRc4mZx9NymGJ,0,2015-05-22,228750,False,https://open.spotify.com/track/5eCgNATwXgRc4mZx9NymGJ,0.567,0.746,6,-3.748,0,0.0511,0.335,0.0,0.392,0.578,128.03
28,You Are The Reason,Calum Scott,Only Human (Deluxe),6Vip5A5NmEazvKuxj6GLYf,69vToJ9BMbbLlFZo7k7A7B,79,2018-03-09,204326,False,https://open.spotify.com/track/69vToJ9BMbbLlFZo7k7A7B,0.329,0.235,10,-7.699,1,0.0303,0.918,0.0,0.137,0.22,171.006
29,The Scientist,Coldplay,Now And Forever: 25 Songs Of Love,2BKWE4KEWGecppmwLmQE4O,2CX2fjnKQYwiLf7kPwNZne,24,2013-01-01,309160,False,https://open.spotify.com/track/2CX2fjnKQYwiLf7kPwNZne,0.569,0.438,5,-7.474,1,0.0239,0.71,2.25e-05,0.107,0.179,146.449
30,Girls Like You (feat. Cardi B) - Cardi B Version,"Maroon 5, Cardi B",Red Pill Blues (Deluxe),1Li4rADxSxjT2g4xqUcMYh,7fa9MBXhVfQ8P8Df9OEbD8,74,2018-06-15,235545,True,https://open.spotify.com/track/7fa9MBXhVfQ8P8Df9OEbD8,0.851,0.541,0,-6.825,1,0.0505,0.568,0.0,0.13,0.448,124.959
31,Sovereign Light Café - Afrojack Remix,"Keane, AFROJACK",Forget The World (Deluxe),7G1441qDQeERZDyMipQPE8,2u89h7UAYZKhQvydTfGavh,38,2014-01-01,295991,False,https://open.spotify.com/track/2u89h7UAYZKhQvydTfGavh,0.615,0.835,8,-3.464,0,0.0654,0.206,9.42e-06,0.176,0.4,128.064
32,Superheroes,The Script,No Sound Without Silence,6yd9yk8nFcHalXzy7mgaDx,37sINbJZcFdHFAsVNsPq1i,75,2014-09-15,245467,False,https://open.spotify.com/track/37sINbJZcFdHFAsVNsPq1i,0.49,0.885,3,-4.121,1,0.0396,0.00218,0.0,0.0741,0.64,166.996
33,Secrets,OneRepublic,Waking Up,2pLAOZiilrhOrTQNqrF8qr,1NhPKVLsHhFUHIOZ32QnS2,77,2009-01-01,224693,False,https://open.spotify.com/track/1NhPKVLsHhFUHIOZ32QnS2,0.516,0.764,2,-6.223,1,0.0366,0.0717,0.0,0.115,0.376,148.021
34,Maps,Maroon 5,V (Asia Tour Edition),6LtzdMGhOCh9s6sssWrpuD,7oUHzZKNKUTrlU7DYxhQ7v,73,2015-05-18,189960,False,https://open.spotify.com/track/7oUHzZKNKUTrlU7DYxhQ7v,0.742,0.713,1,-5.522,0,0.0303,0.0205,0.0,0.059,0.879,120.032
35,Fight Song,Rachel Platten,Wildfire,0mFDIOqypzHp6Xd0el1hoT,37f4ITSlgPX81ad2EvmVQr,77,2016-01-01,204013,False,https://open.spotify.com/track/37f4ITSlgPX81ad2EvmVQr,0.564,0.714,7,-4.987,1,0.129,0.0549,0.0,0.155,0.33,175.924
36,Count On Me,Bruno Mars,Now That's What I Call Music 2012-13,0DatYmoiy4FruKk9ta6hoH,0vL4P1wA1rJcciTfj1WNlJ,23,2012-01-01,199227,False,https://open.spotify.com/track/0vL4P1wA1rJcciTfj1WNlJ,0.565,0.369,0,-7.085,1,0.0286,0.854,0.0,0.0744,0.515,88.987
37,All of Me,John Legend,Love In The Future (Expanded Edition),4OTAx9un4e6NfoHuVRiOrC,3U4isOIWM3VvDubwSI3y7a,86,2013-08-30,269560,False,https://open.spotify.com/track/3U4isOIWM3VvDubwSI3y7a,0.422,0.264,8,-7.064,1,0.0322,0.922,0.0,0.132,0.331,119.93
38,Immortals,Fall Out Boy,American Beauty/American Psycho,022DrG7Wp2PSCwzuD0bSzT,3Te8uLyit6X3ncNW8Fp3K2,75,2015-01-20,189387,False,https://open.spotify.com/track/3Te8uLyit6X3ncNW8Fp3K2,0.616,0.868,2,-3.606,1,0.0699,0.00131,1.54e-06,0.671,0.475,108.016
39,Whatever It Takes,Imagine Dragons,Evolve,33pt9HBdGlAbRGBHQgsZsU,6Qn5zhYkTa37e91HC1D7lb,83,2017-06-23,201240,False,https://open.spotify.com/track/6Qn5zhYkTa37e91HC1D7lb,0.672,0.655,10,-5.021,0,0.0311,0.0362,0.0,0.117,0.556,134.945
40,The Nights,Avicii,Now That's What I Call Pop,7Kc1VAojAfvi1JszNRfh8v,7nAJz8lfy2wtkPOBROSATs,0,2015-09-25,177627,False,https://open.spotify.com/track/7nAJz8lfy2wtkPOBROSATs,0.539,0.846,6,-5.209,1,0.0435,0.0186,0.0,0.258,0.688,125.935
41,Faded,Alan Walker,Faded,4pvMZr2Kfe1typbTqMHa8z,1brwdYwjltrJo7WHpIvbYt,1,2015-12-04,212627,False,https://open.spotify.com/track/1brwdYwjltrJo7WHpIvbYt,0.589,0.651,6,-5.097,1,0.0306,0.0291,3.2e-06,0.111,0.166,90.011
42,Silence,"Marshmello, Khalid",Silence,2bw00gRKNKbTFOqCkohbSh,7vGuf3Y35N4wmASOKLUVVU,81,2017-08-11,180823,False,https://open.spotify.com/track/7vGuf3Y35N4wmASOKLUVVU,0.52,0.761,4,-3.093,1,0.0853,0.256,4.96e-06,0.17,0.286,141.971
43,Psycho (feat. Ty Dolla $ign),"Post Malone, Ty Dolla $ign",beerbongs & bentleys,6trNtQUgC8cgbWcqoMYkOR,3swc6WTsr7rl9DqQKQA55C,79,2018-04-27,221440,True,https://open.spotify.com/track/3swc6WTsr7rl9DqQKQA55C,0.75,0.56,8,-8.094,1,0.105,0.546,0.0,0.111,0.459,140.06
44,bad guy,Billie Eilish,"WHEN WE ALL FALL ASLEEP, WHERE DO WE GO?",0S0KGZnfBGSIssfF54WSJh,2Fxmhks0bxGSBdJ92vM42m,83,2019-03-29,194088,False,https://open.spotify.com/track/2Fxmhks0bxGSBdJ92vM42m,0.701,0.425,7,-10.965,1,0.375,0.328,0.13,0.1,0.562,135.128
45,You Need To Calm Down,Taylor Swift,You Need To Calm Down,21dd5QyItuoqvPkViQXlKf,29fRTIKsJhLUJoldM89GZS,13,2019-06-14,171387,False,https://open.spotify.com/track/29fRTIKsJhLUJoldM89GZS,0.768,0.678,2,-5.604,1,0.0505,0.00838,0.0,0.0596,0.706,85.025
46,lovely (with Khalid),"Billie Eilish, Khalid",lovely (with Khalid),2sBB17RXTamvj7Ncps15AK,0u2P5u6lvoDfwTYjAADbn4,89,2018-04-19,200186,False,https://open.spotify.com/track/0u2P5u6lvoDfwTYjAADbn4,0.351,0.296,4,-10.109,0,0.0333,0.934,0.0,0.095,0.12,115.284
47,you should see me in a crown,Billie Eilish,"WHEN WE ALL FALL ASLEEP, WHERE DO WE GO?",0S0KGZnfBGSIssfF54WSJh,3XF5xLJHOQQRbWya6hBp7d,77,2019-03-29,180953,False,https://open.spotify.com/track/3XF5xLJHOQQRbWya6hBp7d,0.678,0.533,4,-10.485,1,0.186,0.462,0.219,0.139,0.323,150.455
48,Señorita,"Shawn Mendes, Camila Cabello",Señorita,2ZaX1FdZCwchXl1QZiD4O4,0TK2YIli7K1leLovkQiNik,79,2019-06-21,190960,False,https://open.spotify.com/track/0TK2YIli7K1leLovkQiNik,0.759,0.54,9,-6.039,0,0.0287,0.037,0.0,0.0945,0.75,116.947
49,Beautiful Times,"Owl City, Lindsey Stirling",Ultraviolet,28SzBs2cLi4NTT5B85ysRF,5m4hXylTxAEtPkwgrBZim8,48,2015-05-14,205387,False,https://open.spotify.com/track/5m4hXylTxAEtPkwgrBZim8,0.478,0.749,9,-5.389,1,0.0282,0.0325,0.0,0.153,0.41,136.059
50,Let You Down,NF,Perception,0H8gMD022h8O3OYt4HYxSr,6mrKP2jyIQmM0rw6fQryjr,0,2017-10-06,212120,False,https://open.spotify.com/track/6mrKP2jyIQmM0rw6fQryjr,0.659,0.716,5,-5.673,0,0.111,0.33,0.0,0.173,0.437,148.015
51,when the party's over,Billie Eilish,"WHEN WE ALL FALL ASLEEP, WHERE DO WE GO?",0S0KGZnfBGSIssfF54WSJh,43zdsphuZLzwA9k4DJhU0I,84,2019-03-29,196077,False,https://open.spotify.com/track/43zdsphuZLzwA9k4DJhU0I,0.367,0.111,4,-14.084,1,0.0972,0.978,3.97e-05,0.0897,0.198,82.642
52,Six Feet Under,Billie Eilish,Six Feet Under,74TRp3O8BRdGxc0XO0UzoY,2VlLbhGLVJgdOW7kKdWWFc,74,2016-11-17,189613,False,https://open.spotify.com/track/2VlLbhGLVJgdOW7kKdWWFc,0.576,0.307,11,-12.732,0,0.0428,0.807,0.000355,0.0792,0.157,67.513
53,Birds,Imagine Dragons,Origins (Deluxe),3JfSxDfmwS5OeHPwLSkrfr,6Tvzf3VEi16JMhAgOwdt2y,71,2018-11-09,219440,False,https://open.spotify.com/track/6Tvzf3VEi16JMhAgOwdt2y,0.649,0.517,1,-7.428,0,0.0297,0.0146,1.63e-06,0.145,0.35,119.997
54,Venom - Music From The Motion Picture,Eminem,Kamikaze,3HNnxK7NgLXbDoxRZxNWiR,2SL6oP2YAEQbqsrkOzRGO4,75,2018-08-31,269554,True,https://open.spotify.com/track/2SL6oP2YAEQbqsrkOzRGO4,0.749,0.794,0,-5.063,1,0.064,0.0193,0.0,0.543,0.46,135.959
55,Sugar,Maroon 5,V (Asia Tour Edition),6LtzdMGhOCh9s6sssWrpuD,5d6Mjuu2uCGRPYpFjGpCX5,71,2015-05-18,235493,True,https://open.spotify.com/track/5d6Mjuu2uCGRPYpFjGpCX5,0.748,0.788,1,-7.055,1,0.0334,0.0591,0.0,0.0863,0.884,120.076
56,ocean eyes,Billie Eilish,dont smile at me,7fRrTyKvE4Skh93v97gtcU,7hDVYcQq6MxkdJGweuCtl9,83,2017-12-22,200379,False,https://open.spotify.com/track/7hDVYcQq6MxkdJGweuCtl9,0.511,0.363,4,-7.65,0,0.041,0.816,0.0317,0.084,0.169,144.892
57,Surrender,Natalie Taylor,Surrender,02QDTrIeIhkXSYukXY6p0C,4Y5gx8VuShNmakYGlnrUzD,0,2015-10-29,183103,False,https://open.spotify.com/track/4Y5gx8VuShNmakYGlnrUzD,0.39,0.448,5,-8.57,0,0.0276,0.8,0.182,0.107,0.077,144.89
58,Can We Kiss Forever?,"Kina, Adriana Proenza",Can We Kiss Forever?,0MGcjBIFcL2qaCrgGjIGFb,58wyJLv6yH1La9NIZPl3ne,76,2018-08-31,187932,False,https://open.spotify.com/track/58wyJLv6yH1La9NIZPl3ne,0.522,0.128,4,-18.717,1,0.0357,0.894,0.026,0.0941,0.124,109.986
59,Still Don't Know My Name,Labrinth,Euphoria (Original Score from the HBO Series),788r22Bhr3IHLTNPy8pZea,6N22FZs2ZhPBYi3b9XPajV,79,2019-10-04,153294,False,https://open.spotify.com/track/6N22FZs2ZhPBYi3b9XPajV,0.316,0.63,5,-5.963,1,0.117,0.471,0.262,0.205,0.313,89.643
60,MONTERO (Call Me By Your Name),Lil Nas X,MONTERO (Call Me By Your Name),2Hjcfw8zHN4dJDZJGOzLd6,67BtfxlNbhBmCDR2L2l8qd,75,2021-03-31,137876,True,https://open.spotify.com/track/67BtfxlNbhBmCDR2L2l8qd,0.61,0.508,8,-6.682,0,0.152,0.297,0.0,0.384,0.758,178.818
61,Levitating (feat. DaBaby),"Dua Lipa, DaBaby",Future Nostalgia,5lKlFlReHOLShQKyRv6AL9,5nujrmhLynf4yMoMtj8AQF,84,2020-03-27,203064,False,https://open.spotify.com/track/5nujrmhLynf4yMoMtj8AQF,0.702,0.825,6,-3.787,0,0.0601,0.00883,0.0,0.0674,0.915,102.977
62,STAY (with Justin Bieber),"The Kid LAROI, Justin Bieber",F*CK LOVE 3: OVER YOU,4bZJWQhHKJckFLJuYdvyX2,5PjdY0CKGZdEuoNab3yDmX,25,2021-07-23,141806,True,https://open.spotify.com/track/5PjdY0CKGZdEuoNab3yDmX,0.591,0.764,1,-5.484,1,0.0483,0.0383,0.0,0.103,0.478,169.928
63,Need to Know,Doja Cat,Planet Her,1nAQbHeOWTfQzbOoFrvndW,3Vi5XqYrmQgOYBajMWSvCi,81,2021-06-25,210560,True,https://open.spotify.com/track/3Vi5XqYrmQgOYBajMWSvCi,0.664,0.609,1,-6.509,1,0.0707,0.304,0.0,0.0926,0.194,130.041
64,Woman,Doja Cat,Planet Her,1nAQbHeOWTfQzbOoFrvndW,6Uj1ctrBOjOas8xZXGqKk4,86,2021-06-25,172627,True,https://open.spotify.com/track/6Uj1ctrBOjOas8xZXGqKk4,0.824,0.764,5,-4.175,0,0.0854,0.0888,0.00294,0.117,0.881,107.998
65,Team,Lorde,Pure Heroine,0rmhjUgoVa17LZuS8xWQ3v,3G6hD9B2ZHOsgf4WfNu7X1,80,2013-09-27,193059,False,https://open.spotify.com/track/3G6hD9B2ZHOsgf4WfNu7X1,0.69,0.578,6,-7.436,1,0.0929,0.167,0.0,0.305,0.416,99.961
66,Heat Waves,Glass Animals,Dreamland (+ Bonus Levels),0KTj6k94XZh0c6IEMfxeWV,02MWAaffLxlfxAUY7c5dvx,32,2020-08-06,238805,False,https://open.spotify.com/track/02MWAaffLxlfxAUY7c5dvx,0.761,0.525,11,-6.9,1,0.0944,0.44,6.7e-06,0.0921,0.531,80.87
67,Leave The Door Open,"Bruno Mars, Anderson .Paak, Silk Sonic",Leave The Door Open,7dfPqXck6BB9wpThrVYBss,7MAibcTli4IisCtbHKrGMh,18,2021-03-05,242096,False,https://open.spotify.com/track/7MAibcTli4IisCtbHKrGMh,0.586,0.616,5,-7.964,1,0.0324,0.182,0.0,0.0927,0.719,148.088
68,drivers license,Olivia Rodrigo,SOUR,6s84u2TUpR3wdUv4NgKA2j,5wANPM4fQCJwkGd4rN57mH,87,2021-05-21,242013,True,https://open.spotify.com/track/5wANPM4fQCJwkGd4rN57mH,0.561,0.431,10,-8.81,1,0.0578,0.768,1.42e-05,0.106,0.137,143.875
69,Arcade,Duncan Laurence,Small Town Boy (Track By Track),4fEgAL4ge9hHhxVDCUZbeF,1J14CdDAvBTE1AJYUOwl6C,75,2020-11-12,185147,False,https://open.spotify.com/track/1J14CdDAvBTE1AJYUOwl6C,0.453,0.35,9,-11.639,0,0.0425,0.827,0.00122,0.144,0.279,72.017
70,Kiss Me More (feat. SZA),"Doja Cat, SZA",Planet Her,1nAQbHeOWTfQzbOoFrvndW,3DarAbFujv6eYNliUTyqtz,82,2021-06-25,208667,True,https://open.spotify.com/track/3DarAbFujv6eYNliUTyqtz,0.764,0.705,8,-3.463,1,0.0284,0.259,8.92e-05,0.12,0.781,110.97
71,Before You Go,Lewis Capaldi,Divinely Uninspired To A Hellish Extent (Extended Edition),2wiPF3m0ylst0JSk1IvZL8,2gMXnyrvIjhVBUZwvLZDMP,85,2019-11-22,215107,False,https://open.spotify.com/track/2gMXnyrvIjhVBUZwvLZDMP,0.459,0.575,3,-4.858,1,0.0573,0.604,0.0,0.0885,0.183,111.881
72,Memories,Maroon 5,JORDI (Deluxe),1pCA38N6MkLlthXtAOvZTU,4cktbXiXOapiLBMprHFErI,85,2021-06-11,189486,False,https://open.spotify.com/track/4cktbXiXOapiLBMprHFErI,0.775,0.327,11,-7.241,1,0.0557,0.841,0.0,0.0821,0.595,91.05
73,Beautiful People (feat. Khalid),"Ed Sheeran, Khalid",Beautiful People (feat. Khalid),3E12WU80fDMyu7GyIAx7wJ,4evmHXcjt3bTUHD1cvny97,73,2019-06-28,197867,False,https://open.spotify.com/track/4evmHXcjt3bTUHD1cvny97,0.64,0.648,5,-8.113,0,0.187,0.124,0.0,0.0802,0.548,92.977
74,Love Is Gone - Acoustic,"SLANDER, Dylan Matthew",Love Is Gone (Acoustic),4sFNNIc9t1SS1FnuVKXR3J,7F1CiKqrY44kh5cDqwHOnx,79,2019-11-13,176972,False,https://open.spotify.com/track/7F1CiKqrY44kh5cDqwHOnx,0.541,0.153,6,-10.654,1,0.0303,0.882,1.66e-06,0.16,0.359,139.644
75,Wellerman - Sea Shanty,Nathan Evans,Wellerman (Sea Shanty),1AK6peN1DwvYRXN19cqWoP,54OBgO0Xwu20Jak9TMXbR7,75,2021-01-21,155333,False,https://open.spotify.com/track/54OBgO0Xwu20Jak9TMXbR7,0.675,0.359,3,-5.157,1,0.108,0.614,0.0,0.137,0.792,191.903
76,WAP (feat. Megan Thee Stallion),"Cardi B, Megan Thee Stallion",WAP (feat. Megan Thee Stallion),2ogiazbrNEx0kQHGl5ZBTQ,4Oun2ylbjFKMPTiaSbbCih,79,2020-08-07,187541,True,https://open.spotify.com/track/4Oun2ylbjFKMPTiaSbbCih,0.935,0.454,1,-7.509,1,0.375,0.0194,0.0,0.0824,0.357,133.073
77,Chandelier,Sia,1000 Forms Of Fear,3xFSl9lIRaYXIYkIn3OIl9,4VrWlk8IQxevMvERoX08iC,81,2014-07-04,216120,False,https://open.spotify.com/track/4VrWlk8IQxevMvERoX08iC,0.399,0.787,1,-2.88,1,0.0499,0.0197,6.07e-05,0.0685,0.572,117.089
78,good 4 u,Olivia Rodrigo,SOUR,6s84u2TUpR3wdUv4NgKA2j,4ZtFanR9U6ndgddUvNcjcG,86,2021-05-21,178147,True,https://open.spotify.com/track/4ZtFanR9U6ndgddUvNcjcG,0.563,0.664,9,-5.044,1,0.154,0.335,0.0,0.0849,0.688,166.928
79,I Don't Care (with Justin Bieber),"Ed Sheeran & Justin Bieber, Justin Bieber",No.6 Collaborations Project,3oIFxDIo2fwuk4lwCmFZCx,0hVXuCcriWRGvwMV1r5Yn9,69,2019-07-12,219947,False,https://open.spotify.com/track/0hVXuCcriWRGvwMV1r5Yn9,0.798,0.676,6,-5.041,1,0.0442,0.0902,0.0,0.0894,0.843,101.956
80,Stereo Hearts (feat. Adam Levine),"Gym Class Heroes, Adam Levine",The Papercut Chronicles II,2mumCpGmuE9iDeOvMx6XrB,0qOnSQQF0yzuPWsXrQ9paz,83,2011-11-11,210960,False,https://open.spotify.com/track/0qOnSQQF0yzuPWsXrQ9paz,0.646,0.795,9,-3.293,1,0.0976,0.0319,0.0,0.267,0.796,89.99
81,Trampoline (with ZAYN),"SHAED, ZAYN",Melt (Deluxe),5wg6T8bCVnRk3ToKy0yXG5,2ez6qvOTHKeI3ss80NGqnI,70,2019-12-27,184280,False,https://open.spotify.com/track/2ez6qvOTHKeI3ss80NGqnI,0.619,0.459,7,-5.782,0,0.0334,0.56,0.0,0.137,0.498,126.803
82,Beethoven,Kenndog,Beethoven,6sYVuUTFzecCshodap5ZMD,5V7eE5xpJKbBCnzlO4JSNc,0,2021-06-11,144562,True,https://open.spotify.com/track/5V7eE5xpJKbBCnzlO4JSNc,0.875,0.65,9,-8.914,0,0.113,0.149,9.48e-06,0.106,0.501,102.971
83,changes,XXXTENTACION,?,2Ti79nwTsont5ZHfdxIzAm,7AFASza1mXqntmGtbxXprO,78,2018-03-16,121887,False,https://open.spotify.com/track/7AFASza1mXqntmGtbxXprO,0.669,0.308,11,-10.068,1,0.029,0.883,0.0,0.0984,0.52,64.934
84,Old Town Road - Remix,"Lil Nas X, Billy Ray Cyrus",7 EP,4IRiXE5NROxknUSAUSjMoO,2YpeDb67231RjR0MgVLzsG,77,2019-06-21,157067,False,https://open.spotify.com/track/2YpeDb67231RjR0MgVLzsG,0.878,0.619,6,-5.56,1,0.102,0.0533,0.0,0.113,0.639,136.041
85,7 Years,Lukas Graham,Lukas Graham,4rFrdkSWs0dtj0rWPzOk1v,5kqIPrATaCc2LqxVWzQGbk,83,2016-04-01,237300,False,https://open.spotify.com/track/5kqIPrATaCc2LqxVWzQGbk,0.765,0.473,10,-5.829,1,0.0514,0.287,0.0,0.391,0.34,119.992
86,Wildest Dreams,Taylor Swift,1989,5fy0X0JmZRZnVa2UEicIOl,3fVnlF4pGqWI9flVENcT28,81,2014-01-01,220440,False,https://open.spotify.com/track/3fVnlF4pGqWI9flVENcT28,0.553,0.664,8,-7.417,1,0.0741,0.0709,0.0056,0.106,0.467,140.06
87,A Thousand Years,Christina Perri,A Thousand Years,15yvc643iYfQtb6zh9NEJo,6lanRgr6wXibZr8KgzXxBl,82,2011-10-18,285120,False,https://open.spotify.com/track/6lanRgr6wXibZr8KgzXxBl,0.421,0.407,10,-7.445,1,0.0267,0.309,0.000961,0.11,0.161,139.028
88,Dance Monkey,Tones And I,Dance Monkey (Stripped Back) / Dance Monkey,0UywfDKYlyiu1b38DRrzYD,2XU0oxnq2qxCpomAAuJY8K,77,2019-10-17,209438,False,https://open.spotify.com/track/2XU0oxnq2qxCpomAAuJY8K,0.824,0.588,6,-6.4,0,0.0924,0.692,0.000104,0.149,0.513,98.027
89,Get You The Moon (feat. Snøw),"Kina, Snøw",Get You The Moon (feat. Snøw),5LZSpPoBVBsh6kRSEKfPQ8,4ZLzoOkj0MPWrTLvooIuaa,79,2018-10-08,179080,False,https://open.spotify.com/track/4ZLzoOkj0MPWrTLvooIuaa,0.498,0.235,1,-16.541,0,0.188,0.72,0.0,0.144,0.0895,118.917
90,Home,Edith Whiskers,Stop Stealing The Covers!,7mCxkaPLj0IGKmbBuLDYah,18V1UiYRvWYwn01CRDbbuR,69,2020-11-13,197360,False,https://open.spotify.com/track/18V1UiYRvWYwn01CRDbbuR,0.72,0.197,2,-12.494,1,0.0361,0.981,0.00187,0.1,0.284,120.024
91,Somebody That I Used To Know,"Gotye, Kimbra",Somebody That I Used To Know,1IK9TiiPVoPkjBW5VP9MqG,13b3kZAjZGltp76ed4u1m3,61,2011-01-01,244885,False,https://open.spotify.com/track/13b3kZAjZGltp76ed4u1m3,0.863,0.527,0,-6.896,1,0.0358,0.607,0.000168,0.107,0.674,129.054
92,Thot Shit,Megan Thee Stallion,Thot Shit,7gEGuvkVs79hY4tG7OYnzx,5zNW5ARjYhJQJz1AChP33n,68,2021-06-11,184635,True,https://open.spotify.com/track/5zNW5ARjYhJQJz1AChP33n,0.95,0.693,9,-3.424,1,0.0898,0.0133,0.0,0.173,0.891,130.02
93,Runaway,AURORA,All My Demons Greeting Me As A Friend (Deluxe),6YMSXPIHkA2jPIlFHuejXW,1v1oIWf2Xgh54kIWuKsDf6,78,2016-03-11,248827,False,https://open.spotify.com/track/1v1oIWf2Xgh54kIWuKsDf6,0.422,0.302,11,-9.214,1,0.0372,0.629,7.83e-05,0.104,0.123,114.089
94,Blinding Lights,The Weeknd,After Hours,4yP0hdKOZPNshxUOjY0cZj,0VjIjW4GlUZAMYd2vXMi3b,91,2020-03-20,200040,False,https://open.spotify.com/track/0VjIjW4GlUZAMYd2vXMi3b,0.514,0.73,1,-5.934,1,0.0598,0.00146,9.54e-05,0.0897,0.334,171.005
95,Blank Space,Taylor Swift,1989 (Deluxe),1yGbNOtRIgdIiGHOEBaZWf,1u8c2t2Cy7UBoG4ArRcF5g,90,2014-01-01,231827,False,https://open.spotify.com/track/1u8c2t2Cy7UBoG4ArRcF5g,0.76,0.703,5,-5.412,1,0.054,0.103,0.0,0.0913,0.57,95.997
96,Young Dumb & Broke,Khalid,American Teen,6kf46HbnYCZzP6rjvQHYzg,5Z3GHaZ6ec9bsiI5BenrbY,81,2017-04-27,202547,False,https://open.spotify.com/track/5Z3GHaZ6ec9bsiI5BenrbY,0.799,0.539,1,-6.351,1,0.0421,0.199,1.66e-05,0.165,0.394,136.948
97,Fairytale,Alexander Rybak,Fairytale,6leQaoNeZx87qqlm69Exa0,2rzWSywjwzbysCmdOzssFR,1,2009,182640,False,https://open.spotify.com/track/2rzWSywjwzbysCmdOzssFR,0.576,0.785,2,-5.359,0,0.0295,0.62,4.26e-05,0.233,0.674,107.996
98,abcdefu,GAYLE,abcdefu,6tUQPKlpR4x1gjrXTtOImI,4fouWK6XVHhzl78KzQ1UjL,82,2021-08-13,168602,True,https://open.spotify.com/track/4fouWK6XVHhzl78KzQ1UjL,0.695,0.54,4,-5.692,1,0.0493,0.299,0.0,0.367,0.415,121.932
99,Infinity,Jaymes Young,Feel Something,6MuWCR3WPjwyKhqsTKLZ3z,1SOClUWhOi8vHZYMz3GluK,82,2017-06-23,237720,False,https://open.spotify.com/track/1SOClUWhOi8vHZYMz3GluK,0.671,0.673,11,-6.941,0,0.0444,0.148,5.29e-05,0.304,0.494,121.963
0,"Raataan Lambiyan (From ""Shershaah"")","Tanishk Bagchi, Jubin Nautiyal, Asees Kaur","Raataan Lambiyan (From ""Shershaah"")",2DKSZvMj7Da6rzNVPMgREj,2rOnSn2piaqLAlYjtfUBlY,77,2021-07-30,230292,False,https://open.spotify.com/track/2rOnSn2piaqLAlYjtfUBlY,0.72,0.63,10,-5.549,1,0.0413,0.615,0.0,0.108,0.512,81.009
1,"Ranjha (From ""Shershaah"")","Jasleen Royal, B Praak, Romy, Anvita Dutt","Ranjha (From ""Shershaah"")",0Z1zYMwJRpvq0d9rdqTOYo,72zHuDxFQTjbL51qJQSA7j,77,2021-08-05,228855,False,https://open.spotify.com/track/72zHuDxFQTjbL51qJQSA7j,0.603,0.573,1,-5.843,1,0.0502,0.478,0.0,0.0971,0.236,82.941
2,"Mann Bharryaa 2.0 (From ""Shershaah"")","B Praak, Jaani","Mann Bharryaa 2.0 (From ""Shershaah"")",37nWpT1gls52Tu6pymuPw3,3jf5303mzzJ96O8xFTcEn4,69,2021-08-15,266005,False,https://open.spotify.com/track/3jf5303mzzJ96O8xFTcEn4,0.428,0.467,2,-4.904,1,0.0327,0.68,0.0,0.135,0.193,90.831
3,"Tujhe Kitna Chahne Lage (From ""Kabir Singh"")","Arijit Singh, Mithoon","Tujhe Kitna Chahne Lage (From ""Kabir Singh"")",3I8PdIhk6pNm8Kv0HiF14V,2Fv2injs4qAm8mJBGaxVKU,76,2019-05-31,284780,False,https://open.spotify.com/track/2Fv2injs4qAm8mJBGaxVKU,0.427,0.396,11,-7.556,1,0.0366,0.736,0.0,0.11,0.306,70.368
4,Tu Aake Dekhle,King,The Carnival,7uftfPn8f7lwtRLUrEVRYM,0yCWDaAgOtg6TKlNCg9rwA,51,2020-09-21,270000,False,https://open.spotify.com/track/0yCWDaAgOtg6TKlNCg9rwA,0.77,0.84,11,-4.022,1,0.107,0.515,0.00452,0.145,0.192,96.012
5,"Tu Hi Yaar Mera (From ""Pati Patni Aur Woh"")","Rochak Kohli, Arijit Singh, Neha Kakkar","Tu Hi Yaar Mera (From ""Pati Patni Aur Woh"")",7aJiY5GW8uSpZItQXcmeVM,57jOEZtoLQK4zF2x55bdkp,72,2019-12-02,200992,False,https://open.spotify.com/track/57jOEZtoLQK4zF2x55bdkp,0.718,0.382,7,-8.237,1,0.0466,0.585,0.0,0.128,0.499,87.029
6,"Bekhayali (From ""Kabir Singh"")","Sachet Tandon, Sachet-Parampara","Bekhayali (From ""Kabir Singh"")",5m5aIc0rrrPUMDARDnQzB9,1feANd8EfcDP5UqSvbheM3,69,2019-05-24,371791,False,https://open.spotify.com/track/1feANd8EfcDP5UqSvbheM3,0.308,0.585,9,-5.18,0,0.0428,0.45,0.0,0.319,0.345,171.843
7,Bin Tere,"Vishal-Shekhar, Shafqat Amanat Ali, Sunidhi Chauhan",I Hate Luv Storys (Original Motion Picture Soundtrack),4SPHfSWibeoFCSdR4vd5QL,3bZPdEskcnMdepwCaDSJRl,63,2010-05-25,330360,False,https://open.spotify.com/track/3bZPdEskcnMdepwCaDSJRl,0.585,0.698,9,-6.261,1,0.0392,0.42,3.59e-06,0.363,0.621,139.831
8,,,,5ASFrellizlx98SmsItOEm,0LRcXYhaWLqbs1wvSV0o9u,0,0000,217992,False,https://open.spotify.com/track/0LRcXYhaWLqbs1wvSV0o9u,0.581,0.424,8,-6.616,1,0.0269,0.723,0.0,0.101,0.352,98.936
9,Kabira,"Pritam, Tochi Raina, Rekha Bhardwaj",Yeh Jawaani Hai Deewani,2Lxoc72vRTGdQfMvj7Ovi1,4bD9z9qa4qg9BhryvYWB7c,76,2013-03-30,223460,False,https://open.spotify.com/track/4bD9z9qa4qg9BhryvYWB7c,0.59,0.555,2,-6.861,1,0.0271,0.481,0.0,0.192,0.191,84.027
10,Khairiyat,"Pritam, Arijit Singh",Chhichhore,2Svje8vKEM4VCKxoRyAvA4,5O932cZmzOZGOGZz9RHx20,75,2019-08-31,280282,False,https://open.spotify.com/track/5O932cZmzOZGOGZz9RHx20,0.534,0.481,0,-9.016,0,0.0412,0.697,0.0,0.142,0.293,124.914
11,Agar Tum Saath Ho,"Alka Yagnik, Arijit Singh",Tamasha,2CUXo26JAWIbQx0EVMnjpA,3hkC9EHFZNQPXrtl8WPHnX,77,2015-10-16,341055,False,https://open.spotify.com/track/3hkC9EHFZNQPXrtl8WPHnX,0.562,0.519,3,-8.744,1,0.0326,0.557,0.000268,0.172,0.415,122.925
12,,,,2koMSm4dddvhxLzZyN2aEE,4t1DkxexoMbIHfSHS4Uiyr,0,0000,223999,False,https://open.spotify.com/track/4t1DkxexoMbIHfSHS4Uiyr,0.65,0.551,0,-6.906,1,0.0274,0.405,0.0,0.219,0.294,102.934
13,"Duniyaa (From ""Luka Chuppi"")","Akhil, Dhvani Bhanushali, Kunaal Vermaa","Duniyaa (From ""Luka Chuppi"")",5hzAIEMlQpsEGIQFvnFOQx,2tjWCe2W7sgvS3C8NHcdtI,75,2019-02-22,222501,False,https://open.spotify.com/track/2tjWCe2W7sgvS3C8NHcdtI,0.435,0.658,7,-5.949,0,0.0368,0.699,0.0,0.125,0.524,77.17
14,Kaise Hua,Vishal Mishra,Kabir Singh,3uuu6u13U0KeVQsZ3CZKK4,5w0Xpt2YHT2Y3z3e4UUJP7,73,2019-06-14,234722,False,https://open.spotify.com/track/5w0Xpt2YHT2Y3z3e4UUJP7,0.37,0.467,2,-6.973,1,0.0411,0.442,0.0,0.109,0.162,137.796
15,,,,7lF34sP6HtRAL7VEMvYHff,6pzlnyHTVYi5FOmrgOmC95,0,0000,238370,False,https://open.spotify.com/track/6pzlnyHTVYi5FOmrgOmC95,0.481,0.392,4,-8.2,1,0.0246,0.478,0.0,0.122,0.257,91.796
16,Ek Ladki Ko Dekha Toh Aisa Laga,"Darshan Raval, Rochak Kohli",Ek Ladki Ko Dekha Toh Aisa Laga (Original Motion Picture Soundtrack),4jSM6rPVyclkHU8GAvtVmB,2Fw0LlpuIteisMLIMWVy4I,29,2019-01-30,155172,False,https://open.spotify.com/track/2Fw0LlpuIteisMLIMWVy4I,0.537,0.604,10,-7.576,1,0.054,0.757,0.0,0.322,0.41,173.915
17,Mast Magan,"Arijit Singh, Chinmayi",2 States,4PmYasI57t8uJJAOt0zKud,3uL1IBFhg52VcQqOwAG01E,73,2014-03-14,280161,False,https://open.spotify.com/track/3uL1IBFhg52VcQqOwAG01E,0.659,0.774,7,-7.014,1,0.0372,0.606,0.000333,0.185,0.883,82.995
18,"Mann Mera (From ""Table No. 21"")",Gajendra Verma,Table No. 21,3O895TQZsINpYkZuMtIwFF,2BeY2dQPbD8xYxx3yhBTVD,0,2012-12-19,198125,False,https://open.spotify.com/track/2BeY2dQPbD8xYxx3yhBTVD,0.54,0.774,1,-7.873,0,0.0444,0.0524,0.0,0.142,0.384,191.809
19,"Channa Mereya (From ""Ae Dil Hai Mushkil"")","Pritam, Arijit Singh",Ae Dil Hai Mushkil (Original Motion Picture Soundtrack) [Deluxe Edition],5xjaz957o6YGSXmlfd2tex,0H2iJVgorRR0ZFgRqGUjUM,74,2016-10-26,289333,False,https://open.spotify.com/track/0H2iJVgorRR0ZFgRqGUjUM,0.476,0.788,9,-4.821,0,0.0446,0.237,2.49e-05,0.106,0.746,90.066
20,"Ae Dil Hai Mushkil Title Track (From ""Ae Dil Hai Mushkil"")","Pritam, Arijit Singh",Ae Dil Hai Mushkil (Original Motion Picture Soundtrack) [Deluxe Edition],5xjaz957o6YGSXmlfd2tex,1UWacd8x8tPPwmrPB1MoBI,73,2016-10-26,269032,False,https://open.spotify.com/track/1UWacd8x8tPPwmrPB1MoBI,0.495,0.654,3,-6.639,0,0.0679,0.713,0.0,0.165,0.35,123.896
21,Raabta,"Pritam, Arijit Singh",Agent Vinod,2DqQ34i4uuuZWTScsGIgHr,6FjbAnaPRPwiP3sciEYctO,76,2012-02-24,243578,False,https://open.spotify.com/track/6FjbAnaPRPwiP3sciEYctO,0.657,0.581,0,-8.108,1,0.0298,0.699,1.82e-05,0.116,0.323,118.037
22,,,,7lF34sP6HtRAL7VEMvYHff,0xkGTPTijMU84dtHr3KQQi,0,0000,341823,False,https://open.spotify.com/track/0xkGTPTijMU84dtHr3KQQi,0.417,0.433,4,-8.958,1,0.0415,0.0726,0.0,0.123,0.207,169.92
23,Paniyon Sa,"Rochak Kohli, Atif Aslam, Tulsi Kumar","Paniyon Sa (From ""Satyameva Jayate"")",6JsjTQo1PrSQSe7ENpUwXu,2si0ZNx4yRbggTvrIom8A2,69,2018-07-12,236240,False,https://open.spotify.com/track/2si0ZNx4yRbggTvrIom8A2,0.523,0.768,0,-4.953,0,0.0566,0.447,0.000226,0.0833,0.669,75.03
24,Udd Gaye,Ritviz,Ved,7LPx9F9ZQWWvQlKgIQi1OZ,5ZsAhuQ24mWHiduaxJqnhW,69,2019-07-01,180414,False,https://open.spotify.com/track/5ZsAhuQ24mWHiduaxJqnhW,0.595,0.817,11,-6.187,0,0.0474,0.000712,0.0386,0.142,0.483,144.961
25,Jeet,Ritviz,Ved,7LPx9F9ZQWWvQlKgIQi1OZ,2nEntnpNpsJNhw1wLY8O96,56,2019-07-01,184848,False,https://open.spotify.com/track/2nEntnpNpsJNhw1wLY8O96,0.787,0.734,0,-6.465,1,0.0703,0.364,0.000995,0.0625,0.644,98.989
26,Barso,Ritviz,Ved,7LPx9F9ZQWWvQlKgIQi1OZ,2wopaZn4bijSHJHOi8eICq,47,2019-07-01,257143,False,https://open.spotify.com/track/2wopaZn4bijSHJHOi8eICq,0.537,0.829,2,-6.831,1,0.0318,0.0268,0.00715,0.124,0.0383,140.047
27,Sooraj Ki Baahon Mein,"Dominique Cerejo, Clinton Cerejo, Loy Mendonsa",Zindagi Na Milegi Dobara,6Baavsh6HfNka1IyvPrr24,723xQva0yBF7M6K3nDAG8R,65,2011-06-06,202919,False,https://open.spotify.com/track/723xQva0yBF7M6K3nDAG8R,0.855,0.553,11,-6.52,1,0.0331,0.19,5.19e-06,0.0942,0.874,124.922
28,Tum Mile,"Pritam, Neeraj Shridhar",Tum Mile (Original Motion Picture Soundtrack),3Ip9JCpT1IF9GvhAxzufTH,1EjxJHY9A6LMOlvyZdwDly,69,2009-09-08,343787,False,https://open.spotify.com/track/1EjxJHY9A6LMOlvyZdwDly,0.738,0.798,0,-6.663,1,0.0334,0.32,5.15e-06,0.31,0.793,123.01
29,Tu Hi Mera,"Pritam, Shafqat Amanat Ali",Jannat 2 (Original Motion Picture Soundtrack),6CtqkIRtoYPHgFc1ft1DPi,1CVqr5LImdmJ1Upt4z08Pm,64,2012-03-30,272973,False,https://open.spotify.com/track/1CVqr5LImdmJ1Upt4z08Pm,0.621,0.859,11,-4.673,1,0.102,0.546,0.0,0.11,0.873,90.047
30,Saibo,"Sachin-Jigar, Shreya Ghoshal, Tochi Raina",Shor in the City (Original Motion Picture Soundtrack),2HZl13JCi3PIaqVlIkp4q6,6udC4b4jOSnHb9ItnXgKLR,75,2011-03-28,195253,False,https://open.spotify.com/track/6udC4b4jOSnHb9ItnXgKLR,0.619,0.429,2,-7.867,1,0.028,0.738,1.35e-05,0.136,0.545,90.058
31,Shayad,"Pritam, Arijit Singh",Love Aaj Kal (Original Motion Picture Soundtrack),6IXfWhC7omotM4lt0ROmEr,1smFN2CLqGROu0J0UyvDfL,76,2020-02-14,247941,False,https://open.spotify.com/track/1smFN2CLqGROu0J0UyvDfL,0.483,0.468,8,-7.642,1,0.0341,0.784,0.0,0.152,0.319,135.875
32,Subhanallah,"Pritam, Sreeram, Shilpa Rao",Yeh Jawaani Hai Deewani,2Lxoc72vRTGdQfMvj7Ovi1,0GQngE2rOYvlKwEQjTAsP8,72,2013-03-30,249707,False,https://open.spotify.com/track/0GQngE2rOYvlKwEQjTAsP8,0.302,0.493,9,-5.038,1,0.0451,0.455,0.0,0.134,0.457,88.904
33,Hawayein,"Pritam, Arijit Singh",Jab Harry Met Sejal (Original Motion Picture Soundtrack),4I39l0YJ7tmSBXZGZamN5E,0l6g8Z8mqGbGXFOjigYetD,74,2017-08-03,289999,False,https://open.spotify.com/track/0l6g8Z8mqGbGXFOjigYetD,0.606,0.601,2,-5.576,1,0.0283,0.796,0.000511,0.127,0.453,125.961
34,Soch Na Sake,"Amaal Mallik, Arijit Singh, Tulsi Kumar",Airlift,1IwC3SdQXPgXSs8FLvOUju,6mTvwBzWTGDOVeCNQEqtOE,74,2015-12-17,281323,False,https://open.spotify.com/track/6mTvwBzWTGDOVeCNQEqtOE,0.505,0.667,9,-5.797,1,0.0323,0.597,0.0,0.213,0.516,151.728
35,,,,1TK8mLZQbWPe4sRmkcWrIu,4BOYIpYF7zTYtAkpjoD687,0,0000,286380,False,https://open.spotify.com/track/4BOYIpYF7zTYtAkpjoD687,0.539,0.551,8,-7.351,1,0.0361,0.651,0.0,0.124,0.556,75.899
36,Vaaste,"Dhvani Bhanushali, Nikhil D'Souza, Tanishk Bagchi",Vaaste,7b0RW9Inq2jLmTGonmqv11,0mJTAdmY8olbGQjopDYff3,70,2019-04-06,196044,False,https://open.spotify.com/track/0mJTAdmY8olbGQjopDYff3,0.444,0.479,5,-5.586,1,0.0436,0.454,0.0,0.095,0.315,89.892
37,Samjhawan,"Jawad Ahmad, Shaarib Toshi, Arijit Singh, Shreya Ghoshal",Samjhawan,6XgV61OBbr8gHlXdAQ89Sj,0rk2X5TAhraBC5aCIXK2Rq,70,2014-06-19,269185,False,https://open.spotify.com/track/0rk2X5TAhraBC5aCIXK2Rq,0.651,0.482,4,-8.666,1,0.0281,0.293,0.0,0.0811,0.517,106.993
38,Piya O Re Piya,"Atif Aslam, Shreya Ghoshal, Sachin-Jigar",Tere Naal Love Ho Gaya (Original Motion Picture Soundtrack),0OhM0xKiFdqKakSWYx0hs4,5a11x5PUFvJEadMRqtNtTr,66,2011-02-24,292747,False,https://open.spotify.com/track/5a11x5PUFvJEadMRqtNtTr,0.442,0.574,2,-6.394,1,0.0828,0.273,0.0,0.094,0.308,167.857
39,Main Rang Sharbaton Ka,"Atif Aslam, Chinmayi, Pritam",Phata Poster Nikhla Hero (Original Motion Picture Soundtrack),2ADyLRU2KWshFA02symTDr,1yYM7dY6wSJFp5qmxPRLu1,66,2013-09-20,263152,False,https://open.spotify.com/track/1yYM7dY6wSJFp5qmxPRLu1,0.631,0.631,6,-6.934,1,0.0307,0.693,0.0,0.133,0.697,89.975
40,Bahara,"Vishal-Shekhar, Shreya Ghoshal, Sona Mohapatra",I Hate Luv Storys (Original Motion Picture Soundtrack),4SPHfSWibeoFCSdR4vd5QL,1gwO79MdYdumgIjxq8eCxB,64,2010-05-25,325707,False,https://open.spotify.com/track/1gwO79MdYdumgIjxq8eCxB,0.595,0.739,5,-6.733,1,0.0359,0.0716,6.98e-06,0.134,0.722,87.834
41,"Gazab Ka Hai Din (From ""Dil Juunglee"")","Jubin Nautiyal, Prakriti Kakar",Romantic Hits By Jubin Nautiyal,4hpRbxQk65dMezDhRjN9T5,4byiHL0b9mIoCUCjbjI4eA,64,2020-05-25,236325,False,https://open.spotify.com/track/4byiHL0b9mIoCUCjbjI4eA,0.325,0.421,2,-8.636,1,0.0566,0.661,4.83e-06,0.0825,0.203,170.376
42,Tu Jaane Na,"Atif Aslam, Pritam",Ajab Prem Ki Ghazab Kahani (Original Motion Picture Soundtrack),13t8iDyl1vkhPcO3Zl29a9,4iFPsNzNV7V9KJgcOX7TEO,68,2009-11-06,341933,False,https://open.spotify.com/track/4iFPsNzNV7V9KJgcOX7TEO,0.702,0.86,7,-3.969,1,0.0345,0.361,1.33e-06,0.133,0.829,120.042
43,"Tose Naina (From ""Mickey Virus)",Arijit Singh,Love Dose Arijit Singh,5aRPSAhsXgpXhxRF8q1aLI,2fMlezwwP5Hr1UwuAknN4o,64,2016-02-11,263549,False,https://open.spotify.com/track/2fMlezwwP5Hr1UwuAknN4o,0.523,0.561,4,-6.474,1,0.0329,0.426,0.0,0.109,0.31,139.885
44,"Duniyaa (From ""Luka Chuppi"")","Akhil, Dhvani Bhanushali",Feel-Good Tum Jo Aaye,5bZcSim8Xvvpc7HTe7EtUT,3s3J70eRpRH2hcYq4mEXTJ,52,2020-04-13,222501,False,https://open.spotify.com/track/3s3J70eRpRH2hcYq4mEXTJ,0.435,0.658,7,-5.949,0,0.0368,0.699,0.0,0.125,0.524,77.17
45,"Mere Sohneya (From ""Kabir Singh"")","Sachet Tandon, Parampara Tandon, Sachet-Parampara","Mere Sohneya (From ""Kabir Singh"")",4Vyb6DpCBuDYJFgnByGq3A,2IoZMG3RqiTmsy7Li3zGFg,72,2019-06-06,193356,False,https://open.spotify.com/track/2IoZMG3RqiTmsy7Li3zGFg,0.376,0.643,9,-5.713,1,0.0411,0.558,0.0,0.217,0.646,136.224
46,"Dooriyan (From ""Love Aaj Kal"")",Mohit Chauhan,Love Aaj Kal,4u7WFjehsC5sUibLEOaqLf,4peiaLdhDgUgQ646Gpbvh3,0,2009,337360,False,https://open.spotify.com/track/4peiaLdhDgUgQ646Gpbvh3,0.517,0.716,7,-6.582,0,0.0509,0.611,0.0,0.11,0.594,122.952
47,Ajab Si,KK,Om Shanti Om,2cUzlmLfL5LUTSEk7qG09k,5FXMRdJjKq1BIX4e8Eg9mK,72,2007-09-18,241668,False,https://open.spotify.com/track/5FXMRdJjKq1BIX4e8Eg9mK,0.697,0.438,8,-8.411,1,0.0289,0.397,0.0,0.293,0.58,117.954
48,"Sab Tera (From ""Baaghi"")","Armaan Malik, Shraddha Kapoor",2016 Shining Star - Armaan Malik,2Z5Dq0EmYGI7yUTIgRnuSY,2Rr8j88wr7SAYSwuekTJgx,55,2016-12-30,228117,False,https://open.spotify.com/track/2Rr8j88wr7SAYSwuekTJgx,0.505,0.642,7,-5.864,1,0.0339,0.643,0.0,0.151,0.427,159.775
49,"Jab Tak (From ""M.S.Dhoni - The Untold Story"")",Armaan Malik,2016 Shining Star - Armaan Malik,2Z5Dq0EmYGI7yUTIgRnuSY,6tkl6rjuXWtVOCaXSSSCz2,64,2016-12-30,174039,False,https://open.spotify.com/track/6tkl6rjuXWtVOCaXSSSCz2,0.299,0.447,3,-7.862,0,0.0383,0.858,0.000314,0.097,0.321,121.723
50,Khairiyat (Bonus Track),"Pritam, Arijit Singh",Chhichhore,2Svje8vKEM4VCKxoRyAvA4,3oM90C4SZLYzVZJEZD5EQk,61,2019-08-31,270707,False,https://open.spotify.com/track/3oM90C4SZLYzVZJEZD5EQk,0.605,0.655,0,-5.625,0,0.0364,0.484,1.13e-06,0.152,0.597,124.974
51,Main Rahoon Ya Na Rahoon,"Amaal Mallik, Armaan Malik, Rashmi Virag",Main Rahoon Ya Na Rahoon,2hlpZpzFRp0SxM8Fk50dsp,6f3ANRNQ8nCiPZ6VqXqq93,72,2015-11-24,309458,False,https://open.spotify.com/track/6f3ANRNQ8nCiPZ6VqXqq93,0.55,0.488,6,-8.059,1,0.0284,0.718,0.000118,0.126,0.301,136.025
52,,,,1P8eifMN4WiKEXtptCBwJQ,3FLJR1N1dxOYEpZCsTX8p6,0,0000,194634,False,https://open.spotify.com/track/3FLJR1N1dxOYEpZCsTX8p6,0.555,0.496,9,-7.175,1,0.0329,0.64,0.0,0.0767,0.391,82.229
53,,,,5ASFrellizlx98SmsItOEm,6nZiYSBwPQ7fYnVWkkkj4g,0,0000,213056,False,https://open.spotify.com/track/6nZiYSBwPQ7fYnVWkkkj4g,0.778,0.227,1,-16.191,1,0.0379,0.983,0.14,0.113,0.38,116.033
54,Kun Faya Kun,"A.R. Rahman, Javed Ali, Mohit Chauhan",Rockstar,3RZxrS2dDZlbsYtMRM89v8,7F8RNvTQlvbeBLeenycvN6,68,2011-10-01,470500,False,https://open.spotify.com/track/7F8RNvTQlvbeBLeenycvN6,0.362,0.378,1,-11.008,1,0.0329,0.679,0.0,0.091,0.575,87.549
55,Tu Hi Hai,"Amit Trivedi, Arijit Singh",Dear Zindagi (Original Motion Picture Soundtrack),29njH6pDF6JE65D2VJbAxW,5b9x5sRIzAgXQw0dhGORO1,64,2016-11-15,199644,False,https://open.spotify.com/track/5b9x5sRIzAgXQw0dhGORO1,0.707,0.501,4,-7.389,1,0.0372,0.387,1.81e-06,0.095,0.542,93.978
56,"Jaise Mera Tu (From ""Happy Ending"")","Arijit Singh, Priya Saraiya",Happy Ending (Original Motion Picture Soundtrack),5uoTS0t40PXYSo26sjIYSV,6Vh53hK1kskkkJyxCQxsCJ,0,2014-10-22,256003,False,https://open.spotify.com/track/6Vh53hK1kskkkJyxCQxsCJ,0.492,0.664,4,-7.834,1,0.0475,0.356,0.00012,0.0968,0.286,149.838
57,Tujhko Jo Paaya,"Pritam, Mohit Chauhan",Crook (Original Motion Picture Soundtrack),298NO23hfv1nhAE0gQ5vLN,62kyw2ux2p0CZ7pKWtM6QO,59,2010-09-03,184827,False,https://open.spotify.com/track/62kyw2ux2p0CZ7pKWtM6QO,0.598,0.236,9,-9.733,1,0.0363,0.845,0.0,0.109,0.413,149.839
58,Kasoor,Prateek Kuhad,Kasoor,7rHLltVNJFnZyNIas91XbT,08kTa3SL9sV6Iy8KLKtGql,68,2020-06-30,197549,False,https://open.spotify.com/track/08kTa3SL9sV6Iy8KLKtGql,0.558,0.497,8,-7.175,1,0.0256,0.0285,5.36e-06,0.0799,0.444,107.047
59,Kalank (Title Track),Arijit Singh,Kalank - Title Track (Kalank),7kI80voi344SC3E6vlVZfn,1Y8jKq7CYLEW6PWp11jWZC,0,2019-03-30,311186,False,https://open.spotify.com/track/1Y8jKq7CYLEW6PWp11jWZC,0.57,0.55,10,-8.343,1,0.035,0.524,3.73e-05,0.0921,0.435,117.999
60,"Humdard (From ""Ek Villain"")",Arijit Singh,Ultimate Love Songs - Arijit Singh,1WwkojG9sjMSrFVz4D51W0,2PvaburAUlhNHxVhw5lvOq,71,2020-05-19,260590,False,https://open.spotify.com/track/2PvaburAUlhNHxVhw5lvOq,0.575,0.541,5,-6.45,1,0.0237,0.759,0.0,0.111,0.27,87.022
61,,,,3aeT26ypiF8fCWImdu0cGs,16BGhwv8wYXkv2mMJF7ryv,0,0000,276380,False,https://open.spotify.com/track/16BGhwv8wYXkv2mMJF7ryv,0.465,0.769,0,-3.209,1,0.0325,0.581,0.0,0.108,0.473,87.961
62,Atrangi Yaari,"Rochak Kohli, Amitabh Bachchan, Farhan Akhtar",Atrangi Yaari,5Bgpof4rkSymvwGjuFLfI7,7oVKUnaAGVgvGRGs0TQsbx,56,2015-12-25,217902,False,https://open.spotify.com/track/7oVKUnaAGVgvGRGs0TQsbx,0.602,0.474,10,-6.3,1,0.0247,0.731,0.0,0.112,0.482,92.07
63,Tujh Mein Rab Dikhta Hai,Roop Kumar Rathod,Rab Ne Bana Di Jodi (Original),7pbKuvQHUTwbq4FbevvEca,2LcXJP95e4HKydTZ2mYfrx,72,2008-11-06,281574,False,https://open.spotify.com/track/2LcXJP95e4HKydTZ2mYfrx,0.56,0.604,8,-8.732,1,0.0866,0.315,1.12e-06,0.176,0.75,84.784
64,"Kabhii Tumhhe (From ""Shershaah"")","Javed-Mohsin, Darshan Raval","Kabhii Tumhhe (From ""Shershaah"")",71mBRICN73Ogw71kSbyKqd,6R6BpMBFQrF7n2uEOxYmss,65,2021-08-19,230103,False,https://open.spotify.com/track/6R6BpMBFQrF7n2uEOxYmss,0.552,0.336,7,-7.466,0,0.0284,0.84,1.92e-06,0.12,0.394,96.869
65,"Mere Yaaraa (From ""Sooryavanshi"")","Arijit Singh, Neeti Mohan, Rashmi Virag","Mere Yaaraa (From ""Sooryavanshi"")",1XO82yE4raeQEBSHxrNuSe,0tpwqQhdfJXRcUDSNRjb9O,71,2021-10-27,285164,False,https://open.spotify.com/track/0tpwqQhdfJXRcUDSNRjb9O,0.324,0.539,2,-8.076,1,0.038,0.713,3.15e-05,0.118,0.486,120.526
66,"Itni Si Baat Hain (From ""Azhar"")","Arijit Singh, Antara Mitra",Ultimate Love Songs - Arijit Singh,1WwkojG9sjMSrFVz4D51W0,4OEBP1iwGmLtcM8UKRLm80,66,2020-05-19,294847,False,https://open.spotify.com/track/4OEBP1iwGmLtcM8UKRLm80,0.56,0.768,2,-4.77,1,0.0655,0.494,0.0,0.0844,0.289,155.765
67,Mere Bina,"Pritam, Nikhil D'Souza",Crook (Original Motion Picture Soundtrack),298NO23hfv1nhAE0gQ5vLN,4rSmmC6OYmjVOYxr8ruVWN,68,2010-09-03,289560,False,https://open.spotify.com/track/4rSmmC6OYmjVOYxr8ruVWN,0.511,0.767,2,-5.699,1,0.0524,0.651,0.0,0.153,0.463,79.923
68,"Humsafar (From ""Badrinath Ki Dulhania"")","Akhil Sachdeva, Mansheel Gujral",Best Of Akhil Sachdeva,1kjmB9cfxSjPJFfqwZ9eHN,7aE1lfskJLMHQnzCCP1zsV,64,2019-09-03,268463,False,https://open.spotify.com/track/7aE1lfskJLMHQnzCCP1zsV,0.319,0.552,7,-6.401,1,0.0307,0.719,0.0,0.144,0.221,93.991
69,Zindagi Kuch Toh Bata (Reprise),"Pritam, Jubin Nautiyal",Bajrangi Bhaijaan,4nZOPP0atfJbBlkedLYi7t,6TGX01ExmdHyOG72fqUU3Q,65,2015-07-07,258879,False,https://open.spotify.com/track/6TGX01ExmdHyOG72fqUU3Q,0.528,0.615,5,-7.118,1,0.0372,0.491,0.000111,0.104,0.225,123.988
70,"Duaa (From ""Shanghai"")","Nandini Srikar, Arijit Singh",Best Of Arijit Singh - Revisited,5h2JZNs7g1Q7zua3ikDIKd,6U7K35NrdOzxUbh4nuuz7U,62,2017-07-18,260139,False,https://open.spotify.com/track/6U7K35NrdOzxUbh4nuuz7U,0.554,0.578,5,-7.718,0,0.0379,0.536,5.53e-05,0.11,0.55,137.921
71,O Saathi,"Atif Aslam, Arko","O Saathi (From ""Baaghi 2"")",23L9JSXD0RrynRb71ZfL9A,6fScgF2Y63ScU73nYju0ny,72,2018-03-09,251819,False,https://open.spotify.com/track/6fScgF2Y63ScU73nYju0ny,0.481,0.496,8,-7.421,1,0.0262,0.588,0.0,0.132,0.453,89.839
72,,,,5Mpodk3gBVn1eSAVlfbci4,4dljlmVE5RTpAiEwCi6kkD,0,0000,280085,False,https://open.spotify.com/track/4dljlmVE5RTpAiEwCi6kkD,0.575,0.655,8,-7.464,1,0.0427,0.604,0.000388,0.094,0.703,82.077
73,,,,5Mpodk3gBVn1eSAVlfbci4,4GrowvVL3xpUgfnXj6mVRH,0,0000,273189,False,https://open.spotify.com/track/4GrowvVL3xpUgfnXj6mVRH,0.651,0.562,9,-5.787,1,0.0302,0.601,0.0,0.121,0.607,81.029
74,"Tujhe Kitna Chahein Aur (Film Version) [From ""Kabir Singh""]",Jubin Nautiyal,Romantic Hits By Jubin Nautiyal,4hpRbxQk65dMezDhRjN9T5,3lT4SlZVvqLhMeiuBv7gHW,54,2020-05-25,276245,False,https://open.spotify.com/track/3lT4SlZVvqLhMeiuBv7gHW,0.358,0.252,11,-9.51,1,0.0346,0.604,0.0,0.0915,0.284,145.549
75,"Tera Ban Jaunga (From ""Kabir Singh"")","Akhil Sachdeva, Tulsi Kumar",Best Of Akhil Sachdeva,1kjmB9cfxSjPJFfqwZ9eHN,4OcvkkpF3xmyCGGY5IBlgi,67,2019-09-03,236437,False,https://open.spotify.com/track/4OcvkkpF3xmyCGGY5IBlgi,0.605,0.53,11,-6.346,1,0.0246,0.822,0.0,0.131,0.399,93.951
76,"Chale Aana (From ""De De Pyaar De"")","Amaal Mallik, Armaan Malik, Kunaal Vermaa","Chale Aana (From ""De De Pyaar De"")",1TFFOjue8k2sLTISbqmHR9,6vuMdb0E8buJeSHArN3dXk,68,2019-05-02,271023,False,https://open.spotify.com/track/6vuMdb0E8buJeSHArN3dXk,0.368,0.587,6,-6.676,0,0.0378,0.309,0.0,0.149,0.391,143.687
77,Soniyo,"Raju Singh, Sonu Nigam, Shreya Ghoshal",RAAZ - The Mystery Continues (Original Motion Picture Soundtrack),3F8mzJRUYy1XJKoslREx1C,4J5OpeZUR2msDPfMsIeGSU,59,2008-12-01,328440,False,https://open.spotify.com/track/4J5OpeZUR2msDPfMsIeGSU,0.637,0.591,9,-6.117,1,0.0342,0.504,3.29e-06,0.135,0.48,119.956
78,"Bandeya (feat. Arijit Singh) - From ""Dil Juunglee""","Shaarib Toshi, Arijit Singh","Bandeya (feat. Arijit Singh) [From ""Dil Juunglee""]",0eBjbMAR0N7knX6hBT6c3h,6gwnKOvdBKkTU4CQ7KpIAu,72,2018-02-22,184666,False,https://open.spotify.com/track/6gwnKOvdBKkTU4CQ7KpIAu,0.465,0.551,7,-6.58,1,0.0362,0.619,6.03e-06,0.109,0.415,89.459
79,Tere Bin Nahi Laage (Male Version),Uzair Jaswal,Ek Paheli Leela,6c4nK9brQbmS2Y2ilrvG5H,3u947zydbp5jVgVNlaRgv4,59,2015-03-10,222397,False,https://open.spotify.com/track/3u947zydbp5jVgVNlaRgv4,0.294,0.577,6,-5.952,1,0.0298,0.623,0.0,0.16,0.429,83.171
80,Abhi Mujh Mein Kahin,"Ajay-Atul, Sonu Nigam",Agneepath (Original Motion Picture Soundtrack),3EXIPmWRsSM1sXol5g4t7j,73y649QhnXdcm6fRdvfraO,67,2011-12-16,364787,False,https://open.spotify.com/track/73y649QhnXdcm6fRdvfraO,0.334,0.387,2,-9.483,1,0.0332,0.755,3.94e-05,0.113,0.42,129.959
81,Jashn-E-Bahaaraa,"A.R. Rahman, Javed Ali",Jodhaa Akbar (Original Motion Picture Soundtrack),60Omt7taTKwehAq1gETKCW,1O5mTSQa0sCce9ghhDqIZl,70,2007-12-31,315173,False,https://open.spotify.com/track/1O5mTSQa0sCce9ghhDqIZl,0.7,0.343,2,-10.474,1,0.0308,0.767,0.0,0.0789,0.488,137.864
82,Afreen Afreen,"Rahat Fateh Ali Khan, Momina Mustehsan, Various Artists",Coke Studio: Season 9,1BFQiBnV2cxrw1WFsabMcL,4tTfuSruVfIbN1PgpgmTee,0,2016-09-26,400000,False,https://open.spotify.com/track/4tTfuSruVfIbN1PgpgmTee,0.487,0.557,8,-4.525,1,0.0376,0.71,0.0,0.121,0.514,114.473
83,Tera Ban Jaunga,"Akhil Sachdeva, Tulsi Kumar",Kabir Singh,3uuu6u13U0KeVQsZ3CZKK4,3oWxFNsXstcancCR1wODR4,71,2019-06-14,236437,False,https://open.spotify.com/track/3oWxFNsXstcancCR1wODR4,0.605,0.53,11,-6.346,1,0.0246,0.821,0.0,0.131,0.397,93.95
84,,Various Artists,,2koMSm4dddvhxLzZyN2aEE,3PAC15iDIHk7IWD8ShSgWh,0,0000,313999,False,https://open.spotify.com/track/3PAC15iDIHk7IWD8ShSgWh,0.332,0.422,3,-5.414,1,0.0449,0.865,0.0,0.0763,0.217,74.315
0,"Chaleya (From ""Jawan"")","Anirudh Ravichander, Arijit Singh, Shilpa Rao, Kumaar","Chaleya (From ""Jawan"")",7zAITOBN6eG4UBm4IapAik,4nc6XiUze2Yh7wFueGOPv7,88,2023-08-14,200374,False,https://open.spotify.com/track/4nc6XiUze2Yh7wFueGOPv7,0.575,0.845,0,-5.28,1,0.0852,0.393,0.0107,0.131,0.439,95.047
1,Heeriye (feat. Arijit Singh),"Jasleen Royal, Arijit Singh, Dulquer Salmaan",Heeriye (feat. Arijit Singh),1wt2WZBZZ9GhM0AC61l7SS,5PUXKVVVQ74C3gl5vKy9Li,90,2023-07-25,194857,False,https://open.spotify.com/track/5PUXKVVVQ74C3gl5vKy9Li,0.728,0.494,6,-9.628,0,0.0256,0.516,0.00384,0.0759,0.558,105.007
2,"Janiye (from the Netflix Film ""Chor Nikal Ke Bhaga"")","Vishal Mishra, Rashmeet Kaur","Janiye (from the Netflix Film ""Chor Nikal Ke Bhaga"")",0kZKLq2WZQWvXvbxvK6YoC,0645eBDehHcqfiF15hscQV,84,2023-03-17,223390,False,https://open.spotify.com/track/0645eBDehHcqfiF15hscQV,0.578,0.444,8,-11.447,0,0.0644,0.44,0.0,0.146,0.36,76.032
3,Mahiye Jinna Sohna,Darshan Raval,Mahiye Jinna Sohna,4fiPkVR8M247hQBOYLkwBq,2ncqKdTj6dz7tWoTMMrAtq,84,2023-06-22,181250,False,https://open.spotify.com/track/2ncqKdTj6dz7tWoTMMrAtq,0.567,0.54,1,-5.754,1,0.0406,0.736,3.17e-05,0.164,0.331,92.027
4,"What Jhumka ? (From ""Rocky Aur Rani Kii Prem Kahaani"")","Pritam, Arijit Singh, Jonita Gandhi, Ranveer Singh, Madan Mohan, Amitabh Bhattacharya","What Jhumka ? (From ""Rocky Aur Rani Kii Prem Kahaani"")",4mrXgKhegKi7Ol4pdN4z3Q,4QyX8CBSjcoq4iMZuvifyF,71,2023-07-12,213611,False,https://open.spotify.com/track/4QyX8CBSjcoq4iMZuvifyF,0.821,0.823,2,-5.455,1,0.1,0.235,0.0,0.207,0.479,107.953
5,Malang Sajna,"Sachet Tandon, Parampara Tandon, Kumaar, Sachet-Parampara",Malang Sajna,7khRLZe8P6XcUoRgOa3nnf,73K33p4Vyz9koXGqmL5eFs,82,2022-12-19,160194,False,https://open.spotify.com/track/73K33p4Vyz9koXGqmL5eFs,0.739,0.716,10,-4.964,1,0.037,0.232,0.0,0.33,0.871,113.943
6,"Tere Vaaste (From ""Zara Hatke Zara Bachke"")","Sachin-Jigar, Varun Jain, Shadab Faridi, Altamash Faridi, Amitabh Bhattacharya","Tere Vaaste (From ""Zara Hatke Zara Bachke"") - Single",4GEXGGOjUBuSHR4KgaSngh,75DRLUnnltzSyuTJ7onxmW,67,2023-05-22,189136,False,https://open.spotify.com/track/75DRLUnnltzSyuTJ7onxmW,0.762,0.717,7,-8.316,0,0.0372,0.315,1.87e-05,0.0914,0.958,109.996
7,"Tum Kya Mile (From ""Rocky Aur Rani Kii Prem Kahaani"")","Pritam, Arijit Singh, Shreya Ghoshal, Amitabh Bhattacharya","Tum Kya Mile (From ""Rocky Aur Rani Kii Prem Kahaani"")",7BE0KM7dc0f4MX6Kc6kCuN,00ake6KfnzbZ2MaRLGqsyX,66,2023-06-28,277500,False,https://open.spotify.com/track/00ake6KfnzbZ2MaRLGqsyX,0.271,0.726,7,-6.504,1,0.0527,0.586,0.0,0.353,0.532,87.425
8,Tere Pyaar Mein,"Pritam, Arijit Singh, Amitabh Bhattacharya, Nikhita Gandhi","Tere Pyaar Mein (From ""Tu Jhoothi Main Makkaar"")",5uAi4ZZc7zRdd6PsKNcJXO,2ZD4aIEepqZsdxPxLSuUhm,81,2023-02-01,265108,False,https://open.spotify.com/track/2ZD4aIEepqZsdxPxLSuUhm,0.679,0.748,9,-5.487,0,0.054,0.111,0.0,0.183,0.406,118.945
9,Not Ramaiya Vastavaiya,"Anirudh Ravichander, Vishal Dadlani, Shilpa Rao, Kumaar",Jawan,3WLJmMZUeDOuERFAk1Mxs6,5inzjqKe05zP1eInEO8O1i,75,2023-09-05,202556,False,https://open.spotify.com/track/5inzjqKe05zP1eInEO8O1i,0.498,0.907,10,-5.165,0,0.0972,0.0387,0.0,0.303,0.215,132.864
10,Jhoome Jo Pathaan,"Vishal-Shekhar, Arijit Singh, Sukriti Kakar, Vishal Dadlani, Shekhar Ravjiani, Kumaar",Pathaan,2ooWY7xriwwyj23dAI32C2,6FAYpZ4jve8vpvTwUvjK6H,78,2022-12-22,208164,False,https://open.spotify.com/track/6FAYpZ4jve8vpvTwUvjK6H,0.817,0.738,7,-7.639,1,0.0748,0.0964,0.0,0.331,0.616,104.964
11,"Phir Aur Kya Chahiye (From ""Zara Hatke Zara Bachke"")","Sachin-Jigar, Arijit Singh, Amitabha Bhattacharya","Phir Aur Kya Chahiye (From ""Zara Hatke Zara Bachke"") - Single",1skD49xUwXnHLMrlEKTo6j,7Ky9U9iHjGBiRax3joCRDS,66,2023-05-16,266075,False,https://open.spotify.com/track/7Ky9U9iHjGBiRax3joCRDS,0.556,0.552,4,-5.875,1,0.0373,0.531,0.0,0.121,0.531,100.051
12,Chale Jaana Phir (Humko Tere Bina),"Denny, Rahul Mishra, Kunaal Vermaa",Chale Jaana Phir (Humko Tere Bina),7Co0Nyse7oM3Us1KCulBpn,04ChFQZCKl2yRcvc0VR7qN,77,2023-04-06,208933,False,https://open.spotify.com/track/04ChFQZCKl2yRcvc0VR7qN,0.59,0.458,5,-7.844,0,0.0266,0.379,1.82e-05,0.3,0.195,93.996
13,Farq hai,Suzonn,Farq hai,55ZzRnrvRvc54SfrETBFcp,6MZyrnqwsLnrWY5Gk0AyXg,72,2020-11-26,184091,False,https://open.spotify.com/track/6MZyrnqwsLnrWY5Gk0AyXg,0.8,0.209,4,-12.652,1,0.0408,0.865,4.11e-05,0.252,0.74,87.972
14,"Tumhe Kitna Pyaar Karte (From ""Bawaal"")","Mithoon, Arijit Singh, Manoj Muntashir","Tumhe Kitna Pyaar Karte (From ""Bawaal"")",20zQZcEhMLsDUn1LhPCEFY,03hJuEQpEQERrHpjcXKWzJ,76,2023-07-07,305232,False,https://open.spotify.com/track/03hJuEQpEQERrHpjcXKWzJ,0.602,0.374,10,-9.849,0,0.0328,0.924,7.53e-06,0.084,0.388,101.855
15,"Pyaar Hota Kayi Baar Hai (From ""Tu Jhoothi Main Makkaar"")","Pritam, Arijit Singh, Amitabh Bhattacharya, Charan","Pyaar Hota Kayi Baar Hai (From ""Tu Jhoothi Main Makkaar"")",1cttjZoENYipDCPgISthpY,2vPrBucKCfKmafHhSfJ2pt,77,2023-02-10,216271,False,https://open.spotify.com/track/2vPrBucKCfKmafHhSfJ2pt,0.772,0.767,0,-4.792,1,0.0381,0.138,0.0,0.557,0.866,122.024
16,Zihaal e Miskin,"Javed-Mohsin, Vishal Mishra, Shreya Ghoshal",Zihaal e Miskin,54ubCIO3voLnU7ZmJhxqBd,51DEaelXeJJ6cFFYbX8Hal,78,2023-05-25,243953,False,https://open.spotify.com/track/51DEaelXeJJ6cFFYbX8Hal,0.581,0.632,9,-7.166,0,0.0331,0.259,0.0,0.0903,0.386,128.844
17,Kya Loge Tum,"B Praak, Jaani",Kya Loge Tum,76spwPLkGkvPtADGCTkNeT,6t7PuZfHAtNGheWisgUq3I,75,2023-05-15,233684,False,https://open.spotify.com/track/6t7PuZfHAtNGheWisgUq3I,0.69,0.738,0,-4.046,1,0.0533,0.189,0.0,0.109,0.642,113.824
18,"Ve Kamleya (From ""Rocky Aur Rani Kii Prem Kahaani"")","Pritam, Arijit Singh, Shreya Ghoshal, Shadab Faridi, Altamash Faridi, Amitabh Bhattacharya","Ve Kamleya (From ""Rocky Aur Rani Kii Prem Kahaani"")",7q4DcFIuSUzOoQs3QMvwNe,1AmwIgy0WYLJJ5e24aCFTm,58,2023-07-18,246989,False,https://open.spotify.com/track/1AmwIgy0WYLJJ5e24aCFTm,0.468,0.658,2,-7.6,1,0.0668,0.81,0.0333,0.12,0.534,87.607
19,"O Bedardeya (From ""Tu Jhoothi Main Makkaar"")","Pritam, Arijit Singh, Amitabh Bhattacharya","O Bedardeya (From ""Tu Jhoothi Main Makkaar"")",7kXEDaT5yy8IUT7Fmqs1i2,0czcoKJbJt08NqKrvSbbz7,80,2023-03-04,313051,False,https://open.spotify.com/track/0czcoKJbJt08NqKrvSbbz7,0.582,0.418,7,-8.701,1,0.0288,0.794,0.0,0.109,0.243,112.909
20,Kasam Se,"Armaan Malik, Amaal Mallik",Kasam Se,6HnM6hiRAbIahYlLkguthy,53XRfIgocnwDCIkpCEyqbU,73,2023-09-01,185648,False,https://open.spotify.com/track/53XRfIgocnwDCIkpCEyqbU,0.594,0.399,4,-9.091,1,0.0325,0.702,8.63e-06,0.356,0.486,114.894
21,Lo Aayi Barsaat,Darshan Raval,Lo Aayi Barsaat,4A6JkFOHnUTSlZamQXCD58,2VsWBRKYkZH9FdD7AE6hRQ,71,2023-07-18,222600,False,https://open.spotify.com/track/2VsWBRKYkZH9FdD7AE6hRQ,0.31,0.675,5,-6.341,0,0.057,0.254,7.03e-06,0.086,0.333,98.958
22,"Naseeb Se (From ""Satyaprem Ki Katha"")","Payal Dev, Vishal Mishra, A.M. Turaz","Naseeb Se (From ""Satyaprem Ki Katha"")",0wjqUAQ7YkdRqTcDjzkepU,3dpM3ijJz0vGzbkh5DcMXz,76,2023-05-27,184312,False,https://open.spotify.com/track/3dpM3ijJz0vGzbkh5DcMXz,0.557,0.599,9,-6.309,0,0.0447,0.556,1.22e-06,0.103,0.392,149.785
23,Maan Meri Jaan,King,Champagne Talk,15CyNDuGY5fsG0Hn9rjnpG,1418IuVKQPTYqt7QNJ9RXN,82,2022-10-12,194654,False,https://open.spotify.com/track/1418IuVKQPTYqt7QNJ9RXN,0.698,0.505,6,-8.242,0,0.0356,0.354,0.0,0.0995,0.396,95.868
24,"Zinda Banda (From ""Jawan"")","Anirudh Ravichander, Irshad Kamil","Zinda Banda (From ""Jawan"")",1Kiukl1wioSAtG0QwDXsHE,4tzx5af2qpwgyjG6JQGthj,74,2023-07-31,264000,False,https://open.spotify.com/track/4tzx5af2qpwgyjG6JQGthj,0.613,0.881,10,-5.974,0,0.249,0.00785,2.91e-06,0.155,0.235,149.978
25,"Besharam Rang (From ""Pathaan"")","Vishal-Shekhar, Shilpa Rao, Caralisa Monteiro, Vishal Dadlani, Shekhar Ravjiani, Kumaar","Besharam Rang (From ""Pathaan"")",5CvI5ppsG522pV554VLezD,0CtZpaOhtzvLV3FfcsVpQo,77,2022-12-12,258474,False,https://open.spotify.com/track/0CtZpaOhtzvLV3FfcsVpQo,0.773,0.795,8,-5.537,0,0.0412,0.0587,0.00237,0.154,0.649,115.997
26,Desperado,"Raghav, Tesher",Desperado,52ujyfltTvDak6aBG9CNQu,0OsuHhPPArdFzJGuIAacnN,74,2023-04-12,247000,False,https://open.spotify.com/track/0OsuHhPPArdFzJGuIAacnN,0.781,0.7,11,-5.295,0,0.0693,0.103,0.0,0.307,0.585,98.023
27,Sanak,"Badshah, Lakhwinder Wadali",3:00 AM Sessions,7o9sqNRikTO3eeira2Qlx2,3SiQsAVS3CDJQzWPRyX1XP,72,2023-02-07,115636,False,https://open.spotify.com/track/3SiQsAVS3CDJQzWPRyX1XP,0.955,0.862,7,-4.509,0,0.277,0.378,2.08e-05,0.0687,0.831,110.058
28,Deewani,"Sachet Tandon, Parampara Tandon, Sachet-Parampara, Kumaar",Deewani,4gRgJLrR888KFtXndMZwox,1pDvtLmrjzr5FSQItRLWxA,72,2023-06-13,174150,False,https://open.spotify.com/track/1pDvtLmrjzr5FSQItRLWxA,0.559,0.762,10,-4.337,1,0.032,0.476,0.0,0.0843,0.662,108.012
29,Rang Lageya,"Mohit Chauhan, Rochak Kohli",Rang Lageya - Single,0qLoPEAr0CLQfEJRtzRb1r,4svSc7BE6r9xMEk0GosnVu,57,2021-03-17,227962,False,https://open.spotify.com/track/4svSc7BE6r9xMEk0GosnVu,0.651,0.503,4,-8.729,1,0.0261,0.504,0.0,0.469,0.58,108.014
30,Lamhey,Anubha Bajaj,Lamhey,1jZWNePo4dPSElLKJ0I2zA,5Z2GQ0eBKoatNYqbGayihP,73,2023-02-24,148967,False,https://open.spotify.com/track/5Z2GQ0eBKoatNYqbGayihP,0.571,0.395,2,-10.502,1,0.0372,0.601,0.000247,0.255,0.631,173.998
31,Kahani Suno 2.0,Kaifi Khalil,Kahani Suno 2.0,6BHlJhCk1vjCG6hqTG2SFV,4VsP4Dm8gsibRxB5I2hEkw,79,2022-05-31,173638,False,https://open.spotify.com/track/4VsP4Dm8gsibRxB5I2hEkw,0.577,0.379,11,-13.235,1,0.0374,0.909,0.000586,0.0986,0.26,139.585
32,Manjha,Vishal Mishra,Manjha,1N9rGbn2M9lzU6YcJ6081E,0UZLaEOSIc5kg0cc7eszqC,78,2020-03-17,191647,False,https://open.spotify.com/track/0UZLaEOSIc5kg0cc7eszqC,0.524,0.515,11,-7.478,0,0.0427,0.674,0.0,0.104,0.368,169.882
33,"Manike (From ""Thank God"")","Yohani, Jubin Nautiyal, Tanishk Bagchi, Rashmi Virag, Surya Ragunaathan","Manike (From ""Thank God"")",30CfQvXOWrJx6kCglMcbo3,0zlGnseLGzRIBA0TJcb3Bo,77,2022-09-16,197474,False,https://open.spotify.com/track/0zlGnseLGzRIBA0TJcb3Bo,0.551,0.578,1,-7.005,0,0.0732,0.522,0.0,0.073,0.509,106.772
34,"Character Dheela 2.0 (From ""Shehzada"")","Pritam, Amitabh Bhattacharya, Neeraj Shridhar, Abhijit Vaghani, Ashish Pandit","Character Dheela 2.0 (From ""Shehzada"")",4e4MkpVHb3EZKjBVxNoFQj,0QT9B8Yfrz0vi66oXMrKJg,67,2023-02-09,157153,False,https://open.spotify.com/track/0QT9B8Yfrz0vi66oXMrKJg,0.841,0.863,11,-4.73,1,0.0642,0.00332,9.64e-05,0.111,0.426,111.955
35,Paisa Hai Toh,"Sachin-Jigar, Vishal Dadlani, Mellow D, Jigar Saraiya",Farzi (Original Series Soundtrack),2W4AYutWKIjmtGVnU6q3Xz,5kwldaZvtbiTmRYsmlyxAN,73,2023-01-26,188587,False,https://open.spotify.com/track/5kwldaZvtbiTmRYsmlyxAN,0.672,0.759,4,-5.22,0,0.0352,0.205,0.0,0.291,0.794,150.042
36,"Show Me The Thumka (From ""Tu Jhoothi Main Makkaar"")","Pritam, Amitabh Bhattacharya, Sunidhi Chauhan, Shashwat Singh","Show Me The Thumka (From ""Tu Jhoothi Main Makkaar"")",3l9BJEi2OZmt0S16AuLe2r,1t39FBb0zsKv5krZaqZKCB,69,2023-02-21,236101,False,https://open.spotify.com/track/1t39FBb0zsKv5krZaqZKCB,0.841,0.87,9,-4.487,1,0.216,0.607,8.83e-06,0.0734,0.803,122.005
37,"Kesariya (From ""Brahmastra"")","Pritam, Arijit Singh, Amitabh Bhattacharya","Kesariya (From ""Brahmastra"")",1HeX4SmCFW4EPHQDvHgrVS,6VBhH7CyP56BXjp8VsDFPZ,80,2022-07-17,268165,False,https://open.spotify.com/track/6VBhH7CyP56BXjp8VsDFPZ,0.577,0.574,0,-6.525,1,0.0278,0.572,0.0,0.1,0.436,94.009
38,Tere Hawaale,"Pritam, Arijit Singh, Shilpa Rao",Laal Singh Chaddha,5OLQiL6HaWJl734EqPjoY9,1ByVM9F8HeekD3aGXatRWd,67,2022-08-05,346291,False,https://open.spotify.com/track/1ByVM9F8HeekD3aGXatRWd,0.589,0.522,9,-10.649,1,0.0391,0.642,2.74e-05,0.0992,0.31,109.094
39,Ranjha,"Jasleen Royal, B Praak, Romy, Anvita Dutt",Shershaah (Original Motion Picture Soundtrack),5BLwx5IlfoWOrjJJ3i7gbK,0v77QqHiZUvfJkCk2rGRqw,68,2021-08-16,228855,False,https://open.spotify.com/track/0v77QqHiZUvfJkCk2rGRqw,0.611,0.566,1,-5.861,1,0.0388,0.507,0.0,0.0971,0.312,82.984
40,Tu Mile Dil Khile,"Asees Kaur, Stebin Ben",Tu Mile Dil Khile - Single,5ZdPS2Lm1DvnFwni3DX4pm,6SnqFFm7Qp68efuVygvwtU,54,2023-01-19,197392,False,https://open.spotify.com/track/6SnqFFm7Qp68efuVygvwtU,0.736,0.634,5,-4.935,1,0.0307,0.305,4.75e-06,0.08,0.366,93.96
41,Heer Ranjha,"Rito Riba, Rajat Nagpal, Rana Sotal",Heer Ranjha,5jZOJxJvZj63YKrPEWPy63,3wwLWFRLiReDf5AqgmAJwT,74,2022-10-18,223108,False,https://open.spotify.com/track/3wwLWFRLiReDf5AqgmAJwT,0.576,0.72,9,-3.842,1,0.0409,0.438,0.0,0.0814,0.6,140.031
42,Chaand Baaliyan,Aditya A,Chaand Baaliyan,6AJaDEafyyyWWXHZQtcFGe,0snQrp1VaY5Pj1YIHRJpRJ,79,2020-03-28,103265,False,https://open.spotify.com/track/0snQrp1VaY5Pj1YIHRJpRJ,0.729,0.396,0,-8.98,1,0.0359,0.796,0.0,0.104,0.886,97.281
44,"Rangisari (From ""Jugjugg Jeeyo"")","Kanishk Seth, Kavita Seth","Rangisari (From ""Jugjugg Jeeyo"")",5MB6DWb1irSWaalYH07Uzg,0DXfJ2iKRDEG7rPgssWFea,71,2022-06-06,223271,False,https://open.spotify.com/track/0DXfJ2iKRDEG7rPgssWFea,0.524,0.758,10,-9.28,1,0.0538,0.27,0.13,0.106,0.319,140.012
45,Jugnu,"Badshah, Nikhita Gandhi",Jugnu,1tIBidZ4PMZPqWLgunT4IP,2NTVtNcpC0i1R7LVGaCZCF,73,2021-10-26,230400,False,https://open.spotify.com/track/2NTVtNcpC0i1R7LVGaCZCF,0.716,0.803,10,-5.14,0,0.0445,0.03,0.0,0.0817,0.325,124.961
46,Meri Jaan,Neeti Mohan,Gangubai Kathiawadi (Original Motion Picture Soundtrack),3kT50JTcaeVQMIh0NUNjyM,080Snoc5O7MuKyu5TkH4TD,57,2022-02-19,238103,False,https://open.spotify.com/track/080Snoc5O7MuKyu5TkH4TD,0.745,0.432,0,-8.092,0,0.0406,0.629,0.0,0.351,0.693,104.018
48,"Shayad (From ""Love Aaj Kal"")","Pritam, Arijit Singh","Shayad (From ""Love Aaj Kal"")",3Q6oDVihOpQVi2FC0Mfjlm,018eOid2aGaPdxon7T6GsC,71,2020-01-22,247941,False,https://open.spotify.com/track/018eOid2aGaPdxon7T6GsC,0.487,0.456,8,-7.144,1,0.0319,0.789,1.79e-06,0.141,0.348,136.088
49,"Kaise Ab Kahein - From ""Gutar Gu""","Gaurav Chatterji, Aasa Singh, Hansika Pareek, Hrishi Giridhar, Pratik Gangavane","Kaise Ab Kahein (From ""Gutar Gu"")",6NXaQGU2jsb6O38BIJ6QXy,3eSm4iAkLsn3BeggfiQOH9,73,2023-04-13,120000,False,https://open.spotify.com/track/3eSm4iAkLsn3BeggfiQOH9,0.443,0.396,7,-11.071,1,0.037,0.891,0.0,0.0926,0.488,89.114
0,Paint The Town Red,Doja Cat,Scarlet,1bBez9PNvkJPW08bU7NYta,56y1jOTK0XSvJzVv9vHQBK,80,2023-09-20,230480,True,https://open.spotify.com/track/56y1jOTK0XSvJzVv9vHQBK,0.864,0.556,2,-7.683,0,0.194,0.255,3.85e-06,0.112,0.726,99.974
1,Seven (feat. Latto) (Explicit Ver.),"Jung Kook, Latto",Seven (feat. Latto),53985D8g3JcGBoULSOYYKX,7x9aauaA9cu6tyfpHnqDLo,97,2023-07-14,185427,True,https://open.spotify.com/track/7x9aauaA9cu6tyfpHnqDLo,0.802,0.832,11,-4.107,1,0.0434,0.311,0.0,0.0815,0.89,124.997
2,Cruel Summer,Taylor Swift,Lover,1NAmidJlEaVgA3MpcPFYGq,1BxfuPKGuaTgP7aM0Bbdwr,98,2019-08-23,178427,False,https://open.spotify.com/track/1BxfuPKGuaTgP7aM0Bbdwr,0.552,0.702,9,-5.707,1,0.157,0.117,2.06e-05,0.105,0.564,169.994
3,Strangers,Kenya Grace,Strangers,18ogtNq9F7DmMkNYO6Xb4k,5mjYQaktjmjcMKcUIcqz4s,94,2023-09-01,172965,False,https://open.spotify.com/track/5mjYQaktjmjcMKcUIcqz4s,0.628,0.523,11,-8.307,0,0.0946,0.701,0.00274,0.219,0.416,169.982
4,QLONA,"KAROL G, Peso Pluma",MAÑANA SERÁ BONITO (BICHOTA SEASON),0FqAaUEyKCyUNFE1uQPZ7i,5RqSsdzTNPX1uzkmlHCFvK,92,2023-08-10,172798,True,https://open.spotify.com/track/5RqSsdzTNPX1uzkmlHCFvK,0.841,0.738,7,-7.455,0,0.307,0.52,0.0,0.0892,0.484,169.918
5,greedy,Tate McRae,greedy,3UOV8XvCwMKaATRNXrYCjN,3rUGC1vUpkDG9CZFHMur1t,92,2023-09-15,131872,True,https://open.spotify.com/track/3rUGC1vUpkDG9CZFHMur1t,0.75,0.733,6,-3.18,0,0.0319,0.256,0.0,0.114,0.844,111.018
6,LALA,Myke Towers,LA VIDA ES UNA,3puAvurwvtvi1rodndIPW8,7ABLbnD53cQK00mhcaOUVG,97,2023-03-23,197920,True,https://open.spotify.com/track/7ABLbnD53cQK00mhcaOUVG,0.708,0.737,1,-4.045,1,0.0436,0.0739,0.00162,0.0955,0.607,91.986
7,vampire,Olivia Rodrigo,GUTS,1xJHno7SmdVtZAtXbdbDZp,1kuGVB7EU95pJObxwvfwKS,94,2023-09-08,219724,True,https://open.spotify.com/track/1kuGVB7EU95pJObxwvfwKS,0.511,0.532,5,-5.745,1,0.0578,0.177,0.0,0.291,0.35,138.005
8,Columbia,Quevedo,Columbia,07kam1Dks7GIucbSelfvyX,6XbtvPmIpyCbjuT0e8cQtp,95,2023-07-07,186000,False,https://open.spotify.com/track/6XbtvPmIpyCbjuT0e8cQtp,0.668,0.712,5,-5.927,1,0.0381,0.369,2.13e-05,0.108,0.264,100.02
9,LADY GAGA,"Peso Pluma, Gabito Ballesteros, Junior H",GÉNESIS,4jox3ip1I39DFC2B7R5qLH,7mXuWTczZNxG5EDcjFEuJR,94,2023-06-29,212878,True,https://open.spotify.com/track/7mXuWTczZNxG5EDcjFEuJR,0.646,0.736,5,-7.118,0,0.0449,0.216,0.0,0.415,0.873,140.098
10,"What Was I Made For? [From The Motion Picture ""Barbie""]",Billie Eilish,"What Was I Made For? [From The Motion Picture ""Barbie""]",3AafSrFIbJPH6BJHiJm1Cd,6wf7Yu7cxBSPrRlWeSeK0Q,96,2023-07-13,222370,False,https://open.spotify.com/track/6wf7Yu7cxBSPrRlWeSeK0Q,0.444,0.0911,0,-17.665,1,0.0307,0.959,1.05e-06,0.098,0.142,78.403
11,Dance The Night - From Barbie The Album,Dua Lipa,Dance The Night (From Barbie The Album),5cH7FqB7JD5q1tJXJ7FHYu,1vYXt7VSjH9JIM5oRRo7vA,95,2023-05-25,176579,False,https://open.spotify.com/track/1vYXt7VSjH9JIM5oRRo7vA,0.671,0.845,11,-4.93,0,0.048,0.0207,0.0,0.329,0.775,110.056
12,fukumean,Gunna,a Gift & a Curse,5qmZefgh78fN3jsyPPlvuw,4rXLjWdF2ZZpXCVTfWcshS,95,2023-06-16,125040,True,https://open.spotify.com/track/4rXLjWdF2ZZpXCVTfWcshS,0.847,0.622,1,-6.747,0,0.0903,0.119,0.0,0.285,0.22,130.001
13,Daylight,David Kushner,Daylight,6NcI39WPu4kY6Tul11nhSv,1odExI7RdWc4BT515LTAwj,94,2023-04-14,212954,False,https://open.spotify.com/track/1odExI7RdWc4BT515LTAwj,0.508,0.43,2,-9.475,0,0.0335,0.83,0.000441,0.093,0.324,130.09
14,I Wanna Be Yours,Arctic Monkeys,AM,78bpIziExqiI9qztvNFlQu,5XeFesFbtLpXzIVDNQP22n,94,2013-09-09,183956,False,https://open.spotify.com/track/5XeFesFbtLpXzIVDNQP22n,0.464,0.417,0,-9.345,0,0.0256,0.136,0.022,0.0974,0.479,67.528
15,bad idea right?,Olivia Rodrigo,GUTS,1xJHno7SmdVtZAtXbdbDZp,3IX0yuEVvDbnqUwMBB3ouC,93,2023-09-08,184784,True,https://open.spotify.com/track/3IX0yuEVvDbnqUwMBB3ouC,0.627,0.879,9,-3.446,1,0.0955,0.00193,6.87e-06,0.0647,0.748,129.979
16,Prada,"cassö, RAYE, D-Block Europe",Prada,5MU0RmBSpoSxOPYBfcobDc,59NraMJsLaMCVtwXTSia8i,92,2023-08-11,132359,True,https://open.spotify.com/track/59NraMJsLaMCVtwXTSia8i,0.638,0.717,8,-5.804,1,0.0375,0.001,1.79e-06,0.113,0.422,141.904
17,As It Was,Harry Styles,Harry's House,5r36AJ6VOJtp00oxSkBZ5h,4Dvkj6JhhA12EX05fT7y2e,93,2022-05-20,167303,False,https://open.spotify.com/track/4Dvkj6JhhA12EX05fT7y2e,0.52,0.731,6,-5.338,0,0.0557,0.342,0.00101,0.311,0.662,173.93
18,Kill Bill,SZA,SOS,1nrVofqDRs7cpWXJ49qTnP,1Qrg8KqiBpW07V7PNxwwwL,91,2022-12-08,153947,False,https://open.spotify.com/track/1Qrg8KqiBpW07V7PNxwwwL,0.644,0.735,8,-5.747,1,0.0391,0.0521,0.144,0.161,0.418,88.98
19,I Remember Everything (feat. Kacey Musgraves),"Zach Bryan, Kacey Musgraves",Zach Bryan,6PbnGueEO6LGodPfvNldYf,4KULAymBBJcPRpk1yO4dOG,92,2023-08-25,227196,False,https://open.spotify.com/track/4KULAymBBJcPRpk1yO4dOG,0.429,0.453,0,-7.746,1,0.0459,0.554,2e-06,0.102,0.155,77.639
20,Primera Cita,Carin Leon,Colmillo De Leche,52PtAAvfi8ZGTRK5c700y4,25OeKzcqakFPaJlXHPE5lm,86,2023-05-19,186456,False,https://open.spotify.com/track/25OeKzcqakFPaJlXHPE5lm,0.535,0.395,10,-7.805,1,0.0634,0.597,6.78e-05,0.0969,0.488,157.795
21,Chaleya,"Anirudh Ravichander, Arijit Singh, Shilpa Rao, Kumaar",Jawan,3WLJmMZUeDOuERFAk1Mxs6,3xMHXmedL5Rvfxmiar9Ryv,80,2023-09-05,200374,False,https://open.spotify.com/track/3xMHXmedL5Rvfxmiar9Ryv,0.575,0.845,0,-5.28,1,0.0852,0.393,0.0107,0.131,0.439,95.047
22,get him back!,Olivia Rodrigo,GUTS,1xJHno7SmdVtZAtXbdbDZp,2gyxAWHebV7xPYVxqoi86f,92,2023-09-08,211141,True,https://open.spotify.com/track/2gyxAWHebV7xPYVxqoi86f,0.546,0.846,5,-5.719,1,0.181,0.0135,0.0,0.607,0.74,162.043
23,Starboy,"The Weeknd, Daft Punk",Starboy,2ODvWsOgouMbaA5xf0RkJe,7MXVkk9YMctZqd1Srtv4MB,92,2016-11-25,230453,True,https://open.spotify.com/track/7MXVkk9YMctZqd1Srtv4MB,0.679,0.587,7,-7.015,1,0.276,0.141,6.35e-06,0.137,0.486,186.003
24,Que Onda,"Calle 24, Chino Pacas, Fuerza Regida",Que Onda,4x6cjOcVz44aiLSOHCLKPd,6uIIdjYTxxpWOyWuVXrKQO,91,2023-08-30,191467,True,https://open.spotify.com/track/6uIIdjYTxxpWOyWuVXrKQO,0.808,0.944,10,-4.863,0,0.0408,0.183,1.11e-06,0.138,0.937,124.934
25,Sprinter,"Dave, Central Cee",Sprinter,5l0QlaI3wdZpE7ggoO5Rwg,2FDTHlrBguDzQkp7PVj16Q,93,2023-06-01,226383,True,https://open.spotify.com/track/2FDTHlrBguDzQkp7PVj16Q,0.916,0.583,1,-8.067,1,0.241,0.186,0.0,0.0798,0.661,141.095
26,Agora Hills,Doja Cat,Scarlet,1bBez9PNvkJPW08bU7NYta,5PyDJG7SQRgWXefgexqIge,70,2023-09-20,265360,True,https://open.spotify.com/track/5PyDJG7SQRgWXefgexqIge,0.755,0.687,8,-6.247,0,0.101,0.183,0.000177,0.125,0.381,123.01
27,Slime You Out (feat. SZA),"Drake, SZA",Slime You Out,4DjJtllSDzVDBf7PYtsHaT,3RaCGXCiiMufRPoexXxGkV,90,2023-09-15,310491,True,https://open.spotify.com/track/3RaCGXCiiMufRPoexXxGkV,0.483,0.408,5,-9.243,0,0.0502,0.508,0.0,0.259,0.105,88.88
28,Classy 101,"Feid, Young Miko",Classy 101,4jtQUtS4ABgER3DnGfKJCv,6XSqqQIy7Lm7SnwxS4NrGx,93,2023-03-31,195987,True,https://open.spotify.com/track/6XSqqQIy7Lm7SnwxS4NrGx,0.859,0.658,11,-4.79,1,0.159,0.145,0.0,0.12,0.672,100.065
29,Según Quién,"Maluma, Carin Leon",Don Juan,3Fk8yQvPlCHgwR2pNhEIRA,4bw8mcDUSRWfQo63ZTYRnU,81,2023-08-25,142335,True,https://open.spotify.com/track/4bw8mcDUSRWfQo63ZTYRnU,0.909,0.762,9,-3.974,1,0.0643,0.434,0.0,0.0856,0.843,101.987
30,Slow Dancing,V,Layover,7ixOAT89NSsgUITYc5ByB5,5h1BN75CEh8wdSwE1xrbSe,94,2023-09-08,187027,False,https://open.spotify.com/track/5h1BN75CEh8wdSwE1xrbSe,0.579,0.63,8,-7.758,1,0.058,0.257,0.00462,0.0986,0.552,155.96
31,Holanda,Jhayco,Holanda,42D6fdFJ4SLnh4jXZJrsNa,6irysuQyZWd7Bjj7ePiOs2,92,2023-07-28,231693,True,https://open.spotify.com/track/6irysuQyZWd7Bjj7ePiOs2,0.831,0.759,1,-3.627,0,0.0502,0.277,0.0,0.125,0.244,107.961
32,Flowers,Miley Cyrus,Endless Summer Vacation,5DvJgsMLbaR1HmAI6VhfcQ,7DSAEUvxU8FajXtRloy8M0,80,2023-08-18,200600,False,https://open.spotify.com/track/7DSAEUvxU8FajXtRloy8M0,0.706,0.691,0,-4.775,1,0.0633,0.0584,6.99e-05,0.0232,0.632,118.048
33,Style,Taylor Swift,1989,2QJmrSgbdM35R67eoGQo4j,4lIxdJw6W3Fg4vUIYCB0S5,81,2014-10-27,231000,False,https://open.spotify.com/track/4lIxdJw6W3Fg4vUIYCB0S5,0.598,0.786,2,-5.572,1,0.0383,0.00253,0.0016,0.117,0.456,95.019
34,Blank Space,Taylor Swift,1989,2QJmrSgbdM35R67eoGQo4j,1p80LdxRV74UKvL8gnD7ky,81,2014-10-27,231827,False,https://open.spotify.com/track/1p80LdxRV74UKvL8gnD7ky,0.753,0.678,5,-5.421,1,0.0644,0.085,1.64e-06,0.13,0.583,96.006
35,UN PREVIEW,Bad Bunny,UN PREVIEW,72GhGik5fsSeFkgpjsllVj,63ui2w3QJBp8xx0c1MJB2Z,87,2023-09-25,165582,False,https://open.spotify.com/track/63ui2w3QJBp8xx0c1MJB2Z,0.786,0.814,1,-3.318,1,0.0873,0.0383,3.67e-05,0.22,0.365,95.084
36,Die For You,The Weeknd,Starboy,4AdZV63ycxFLF6Hcol0QnB,2LBqCSwhJGcFQeTHMVGwy3,89,2016-11-24,260253,False,https://open.spotify.com/track/2LBqCSwhJGcFQeTHMVGwy3,0.586,0.525,1,-7.163,0,0.0615,0.111,0.0,0.134,0.508,133.629
37,MI EX TENÍA RAZÓN,KAROL G,MAÑANA SERÁ BONITO (BICHOTA SEASON),0FqAaUEyKCyUNFE1uQPZ7i,54zcJnb3tp9c5OVKREZ1Is,88,2023-08-10,154375,False,https://open.spotify.com/track/54zcJnb3tp9c5OVKREZ1Is,0.634,0.725,5,-4.945,0,0.0587,0.0776,0.0,0.211,0.795,159.845
38,Locked out of Heaven,Bruno Mars,Unorthodox Jukebox,58ufpQsJ1DS5kq4hhzQDiI,3w3y8KPTfNeOKPiqUTakBh,91,2012-12-07,233478,False,https://open.spotify.com/track/3w3y8KPTfNeOKPiqUTakBh,0.726,0.698,5,-4.165,1,0.0431,0.049,0.0,0.309,0.867,143.994
39,Popular (with Playboi Carti & Madonna) - Music from the HBO Original Series,"The Weeknd, Playboi Carti, Madonna",Popular (Music from the HBO Original Series),5O0zUvdnJr0RbWzLFneN2i,6WzRpISELf3YglGAh7TXcG,92,2023-06-02,215467,True,https://open.spotify.com/track/6WzRpISELf3YglGAh7TXcG,0.855,0.678,1,-6.276,1,0.189,0.0569,3.69e-05,0.412,0.852,99.029
40,Super Shy,NewJeans,NewJeans 'Super Shy',5V729UqvhwNOcMejx0m55I,5sdQOyqq2IDhvmx2lHOpwd,92,2023-07-07,154667,False,https://open.spotify.com/track/5sdQOyqq2IDhvmx2lHOpwd,0.776,0.817,5,-6.018,0,0.0748,0.18,3.44e-05,0.146,0.515,149.921
41,El Jefe,"Shakira, Fuerza Regida",El Jefe,12v3LOTr03ykEMdyekvM1X,5wjsJIUf6pdrwauPDae43o,85,2023-09-20,170297,True,https://open.spotify.com/track/5wjsJIUf6pdrwauPDae43o,0.771,0.661,4,-4.269,0,0.0533,0.227,0.0,0.143,0.964,74.995
42,Another Love,Tom Odell,Long Way Down (Deluxe),0Gf1yE895FKK4YWVRuAeg8,3JvKfv6T31zO0ini8iNItO,90,2013-06-24,244360,True,https://open.spotify.com/track/3JvKfv6T31zO0ini8iNItO,0.445,0.537,4,-8.532,0,0.04,0.695,1.65e-05,0.0944,0.131,122.769
43,un x100to,"Grupo Frontera, Bad Bunny",El Comienzo,5i9lMMUZ1QZNsLEE3j50kT,2yzshFeBIwH8tWIqHEFLeD,83,2023-08-25,194563,False,https://open.spotify.com/track/2yzshFeBIwH8tWIqHEFLeD,0.571,0.72,9,-4.089,1,0.0458,0.213,0.0,0.271,0.542,83.827
44,I KNOW ?,Travis Scott,UTOPIA,18NOKLkZETa4sWwLMIm0UZ,6wsqVwoiVH2kde4k4KKAFU,92,2023-07-28,211582,True,https://open.spotify.com/track/6wsqVwoiVH2kde4k4KKAFU,0.927,0.619,5,-4.441,0,0.0539,0.0186,0.0,0.104,0.817,117.995
45,WHERE SHE GOES,Bad Bunny,WHERE SHE GOES,5gCcb5fsSb6w5K8SyJrgtB,7ro0hRteUMfnOioTFI5TG1,93,2023-05-18,231704,True,https://open.spotify.com/track/7ro0hRteUMfnOioTFI5TG1,0.652,0.8,9,-4.019,0,0.0614,0.143,0.629,0.112,0.234,143.978
46,La Bebe - Remix,"Yng Lvcas, Peso Pluma",La Bebe (Remix),6aBVGuOUEuX18rHxyDWbti,2UW7JaomAMuX9pZrjVpHAU,93,2023-03-17,234353,True,https://open.spotify.com/track/2UW7JaomAMuX9pZrjVpHAU,0.812,0.479,2,-5.678,0,0.333,0.213,1.21e-06,0.0756,0.559,169.922
47,Snooze,SZA,SOS,07w0rG5TETcyihsEIZR3qG,4iZ4pt7kvcaH6Yo8UoZ4s2,91,2022-12-09,201800,True,https://open.spotify.com/track/4iZ4pt7kvcaH6Yo8UoZ4s2,0.559,0.551,5,-7.231,1,0.132,0.141,0.0,0.11,0.392,143.008
48,Calm Down (with Selena Gomez),"Rema, Selena Gomez",Rave & Roses Ultra,0nayxjaX54Frd7GsZq6Pbs,1s7oOCT8vauUh01PbJD6ps,80,2023-04-27,239318,False,https://open.spotify.com/track/1s7oOCT8vauUh01PbJD6ps,0.799,0.802,11,-5.196,1,0.0371,0.429,0.00128,0.171,0.811,107.008
49,Anti-Hero,Taylor Swift,Midnights,151w1FgRZfnKZA9FEcg9Z3,0V3wPSX9ygBnCm8psDIegu,92,2022-10-21,200690,False,https://open.spotify.com/track/0V3wPSX9ygBnCm8psDIegu,0.637,0.643,4,-6.571,1,0.0519,0.13,1.8e-06,0.142,0.533,97.008
2,Cheques,Shubh,Still Rollin,5AivaZj0CiQJoDWqVH2pbh,4eBvRhTJ2AcxCsbfTUjoRp,87,2023-05-19,183757,False,https://open.spotify.com/track/4eBvRhTJ2AcxCsbfTUjoRp,0.742,0.627,4,-8.939,0,0.0533,0.262,1.23e-05,0.269,0.356,89.998
3,With You,AP Dhillon,With You,30eM1PJ8qLZJeEykhcje0j,0xIuPDzJSnJywALez8dwKR,86,2023-08-11,154554,False,https://open.spotify.com/track/0xIuPDzJSnJywALez8dwKR,0.78,0.744,2,-4.773,1,0.0298,0.161,0.0011,0.201,0.925,116.978
5,Mahiye Jinna Sohna,Darshan Raval,Dard,0YzF0ImdBeODiCWejSDndM,0Jiaz0O4AqnJICa9PxHhaR,73,2023-08-09,181250,False,https://open.spotify.com/track/0Jiaz0O4AqnJICa9PxHhaR,0.567,0.54,1,-5.754,1,0.0406,0.736,3.17e-05,0.164,0.331,92.027
6,Hukum - Thalaivar Alappara,"Anirudh Ravichander, Super Subu",Jailer (Original Motion Picture Soundtrack),0zRUzTXH7GtGLxt6uVdARD,5DgY6Ab0vpyUMKnY9ubFOF,78,2023-07-28,207647,False,https://open.spotify.com/track/5DgY6Ab0vpyUMKnY9ubFOF,0.723,0.892,2,-5.758,1,0.164,0.102,0.0,0.146,0.533,101.996
7,One Love,Shubh,One Love,3tNH9Fp4dm3qa3Kr4cv5uJ,5ZLkihi6DVsHwDL3B8ym1t,79,2023-08-18,159222,False,https://open.spotify.com/track/5ZLkihi6DVsHwDL3B8ym1t,0.848,0.512,7,-7.757,1,0.118,0.284,0.00645,0.101,0.881,144.926
8,Softly,"Karan Aujla, Ikky",Making Memories,3BGU0BqGwBkYDHpfCWFm7I,0YQJoDL6f46J0n1rOVkpxJ,80,2023-08-18,155161,False,https://open.spotify.com/track/0YQJoDL6f46J0n1rOVkpxJ,0.735,0.564,8,-7.786,1,0.204,0.191,0.0,0.0791,0.902,92.986
10,Laado,"MC SQUARE, Hiten",Laado,0vEzErGiuiczFnmuOD35sB,0NuWRfZRWzn1oc9piFhK9n,75,2023-08-30,148615,False,https://open.spotify.com/track/0NuWRfZRWzn1oc9piFhK9n,0.871,0.548,2,-8.912,1,0.186,0.669,0.000157,0.12,0.652,129.972
11,9:45,"Prabh Singh, Jay Trak",9:45,5ITQeRYoVu4qRdo9TUTuuR,6c4Po8zyQjB4cR5XgLhcGb,82,2023-03-10,117606,False,https://open.spotify.com/track/6c4Po8zyQjB4cR5XgLhcGb,0.796,0.455,1,-7.763,0,0.0997,0.637,3.59e-06,0.156,0.352,99.958
14,Still Rollin,Shubh,Still Rollin,5AivaZj0CiQJoDWqVH2pbh,6oz1L5jcqZWYuId7nxvIan,83,2023-05-19,174730,False,https://open.spotify.com/track/6oz1L5jcqZWYuId7nxvIan,0.881,0.431,6,-11.093,0,0.0914,0.182,0.0018,0.113,0.246,94.0
15,"Hayyoda (From ""Jawan"")","Anirudh Ravichander, Priya Mali","Hayyoda (From ""Jawan"")",3JiVWzoQqLwmH8DcayvdQ6,6aQIGqAo9PxRKjUkhYtR6R,79,2023-08-14,200142,False,https://open.spotify.com/track/6aQIGqAo9PxRKjUkhYtR6R,0.576,0.841,0,-5.428,1,0.0773,0.497,0.00559,0.178,0.457,95.149
18,Mi Amor,"Sharn, 40k, The Paul",Mi Amor,0azGrKHPYvl2MEKwQFfbV2,24MMjyA3NLqCsDJfsn51eg,82,2022-09-30,203049,False,https://open.spotify.com/track/24MMjyA3NLqCsDJfsn51eg,0.637,0.703,4,-5.297,0,0.0789,0.53,4.23e-06,0.11,0.553,81.99
19,Kesariya,"Pritam, Arijit Singh, Amitabh Bhattacharya",Brahmastra (Original Motion Picture Soundtrack),4kIPlpwEZBK9JaI9pZHe79,4UMIv5jd9gK98a39BQRD9X,76,2022-10-06,268165,False,https://open.spotify.com/track/4UMIv5jd9gK98a39BQRD9X,0.577,0.574,0,-6.525,1,0.0278,0.572,0.0,0.1,0.436,94.009
22,"Naa Ready (From ""Leo"")","Anirudh Ravichander, Thalapathy Vijay, Asal Kolaar","Naa Ready (From ""Leo"")",7qRoSVSyHeA9qtOXUpBwRI,1B02UI29t3PTh3m98absaP,82,2023-06-22,248182,False,https://open.spotify.com/track/1B02UI29t3PTh3m98absaP,0.726,0.805,1,-5.576,1,0.153,0.081,0.00784,0.0318,0.572,87.956
24,Kaavaalaa,"Anirudh Ravichander, Shilpa Rao, Arunraja Kamaraj",Jailer (Original Motion Picture Soundtrack),0zRUzTXH7GtGLxt6uVdARD,1cPDOeVdALLjj4erFPiuqW,69,2023-07-28,190909,False,https://open.spotify.com/track/1cPDOeVdALLjj4erFPiuqW,0.844,0.759,11,-6.829,0,0.0498,0.0386,0.0731,0.0813,0.479,131.913
25,Yadav Brand 2,"Sunny Yaduvanshi, AK Rok, Nitesh Ujoli",Yadav Brand 2,3pRiXGIvpgNrMQmK6AgJ3c,4JvziZ2kQsbzfvRQtpYfmJ,78,2022-02-07,174253,False,https://open.spotify.com/track/4JvziZ2kQsbzfvRQtpYfmJ,0.775,0.612,11,-6.329,0,0.231,0.359,0.0,0.106,0.776,173.953
26,"Agar Tum Saath Ho (From ""Tamasha"")","Alka Yagnik, Arijit Singh",Love Forever With Arijit Singh,5Wm1nhxZqx7i0Hp6ZBqe9T,2FCXQHugkoHE1K3tiDu8pu,75,2017-06-07,341055,False,https://open.spotify.com/track/2FCXQHugkoHE1K3tiDu8pu,0.562,0.519,3,-8.744,1,0.0326,0.557,0.000268,0.172,0.415,122.925
27,Admirin' You (feat. Preston Pablo),"Karan Aujla, Ikky, Preston Pablo",Making Memories,3BGU0BqGwBkYDHpfCWFm7I,6ygiy70ujkNOYXM1tQuMNe,74,2023-08-18,214750,False,https://open.spotify.com/track/6ygiy70ujkNOYXM1tQuMNe,0.756,0.664,1,-6.227,1,0.0851,0.0935,0.0,0.104,0.675,96.018
29,Check It Out,"Parmish Verma, Paradox",Check It Out,1vF3ag997oVOcaSYVlFytV,4VosVUajzm6nzGlSb6nP3L,79,2023-06-27,195957,False,https://open.spotify.com/track/4VosVUajzm6nzGlSb6nP3L,0.923,0.705,8,-4.548,0,0.26,0.0992,4.12e-06,0.198,0.587,94.022
31,Asal Mein,Darshan Raval,Asal Mein,7pFrr9ypVrxpZNF97YUQjK,0rMeOAvbQZ2RTG4B6L1M4p,78,2020-02-18,224240,False,https://open.spotify.com/track/0rMeOAvbQZ2RTG4B6L1M4p,0.656,0.551,8,-6.43,1,0.0299,0.721,1.26e-06,0.0947,0.329,114.106
32,True Stories,"AP Dhillon, Shinda Kahlon",True Stories,7JABHOzxcWGwmihIUq13dl,28lvraTNIN8qiTpoIK7m8Z,80,2023-06-16,117973,False,https://open.spotify.com/track/28lvraTNIN8qiTpoIK7m8Z,0.725,0.658,1,-8.906,1,0.268,0.299,7.38e-05,0.209,0.443,147.936
35,Obsessed,"Riar Saab, Abhijay Sharma",Obsessed,3LyafXRRJVEfcjTMr1N8Mu,6Z4rRhYZVQsYKmrxD40tru,80,2022-09-29,190444,False,https://open.spotify.com/track/6Z4rRhYZVQsYKmrxD40tru,0.798,0.74,5,-4.099,0,0.0861,0.616,0.0,0.084,0.851,134.932
36,"Tere Hawaale (From ""Laal Singh Chaddha"")","Pritam, Arijit Singh, Shilpa Rao","Tere Hawaale (From ""Laal Singh Chaddha"")",1lZk7TnMgvS3mSlfeWW1b3,4blqlsA1uf2d2I40E90EUC,77,2022-08-04,346291,False,https://open.spotify.com/track/4blqlsA1uf2d2I40E90EUC,0.589,0.522,9,-10.649,1,0.0391,0.642,2.74e-05,0.0992,0.31,109.094
37,Jee Ni Lagda,"Karan Aujla, Ikky",Making Memories,3BGU0BqGwBkYDHpfCWFm7I,1Er6TEtbyuW1b9QtBVkggD,77,2023-08-18,139355,False,https://open.spotify.com/track/1Er6TEtbyuW1b9QtBVkggD,0.785,0.617,3,-7.01,0,0.192,0.338,0.0,0.13,0.907,93.005
38,Aam Jahe Munde,"Parmish Verma, PARDHAAN",Aam Jahe Munde,0VtFj2jJ3PosFrLHbE7TJX,32VAw8DL9ixX5XSW2VLcZ4,77,2020-05-02,207839,False,https://open.spotify.com/track/32VAw8DL9ixX5XSW2VLcZ4,0.876,0.575,8,-6.044,0,0.135,0.308,0.0,0.214,0.716,91.989
41,No Love,Shubh,No Love,5Zcgog7sQ79ISF32y9nABU,08Isz2ETWSBhvIl8UpKYsp,80,2022-02-22,170388,False,https://open.spotify.com/track/08Isz2ETWSBhvIl8UpKYsp,0.768,0.487,4,-8.936,0,0.0431,0.24,0.0,0.175,0.722,137.034
43,Dhundhala,"Yashraj, Dropped Out, Talwiinder",Dhundhala,1wQyuIiZpM5Qy4wQOU2i1J,6PSGzXHJaQogb2G8m8gGZZ,75,2022-02-18,182400,False,https://open.spotify.com/track/6PSGzXHJaQogb2G8m8gGZZ,0.648,0.45,5,-9.57,0,0.167,0.134,7.31e-05,0.137,0.472,99.932
45,Guli Mata,"Saad Lamjarred, Shreya Ghoshal, Rajat Nagpal",Guli Mata,1EK8G52QTTI7LgDKnrCmB6,3B9CL5t32mM2SDdps2IhYM,78,2023-07-12,235575,False,https://open.spotify.com/track/3B9CL5t32mM2SDdps2IhYM,0.589,0.749,8,-6.115,0,0.066,0.501,2.45e-06,0.343,0.604,151.522
46,Excuses,"AP Dhillon, Gurinder Gill, Intense",Excuses,3GkXRRRkV3rfgwG1wJset9,29m79w9xPMH4YCD6r8JSmV,79,2020-07-24,176233,False,https://open.spotify.com/track/29m79w9xPMH4YCD6r8JSmV,0.837,0.717,5,-7.749,0,0.0822,0.0842,0.0,0.149,0.494,94.984
48,White Brown Black,"Avvy Sra, Karan Aujla, Jaani",White Brown Black,3rOSq53b9Cv7ygKe5NwKNJ,3nKQrVVlwbAQSnFbgZWdN0,78,2022-12-09,176000,False,https://open.spotify.com/track/3nKQrVVlwbAQSnFbgZWdN0,0.868,0.748,1,-3.492,0,0.0951,0.29,3.93e-06,0.252,0.829,119.965
49,"Neela Nilave (From ""RDX"")","Kapil Kapilan, Sam C.S., Manu Manjith","Neela Nilave (From ""Rdx"")",5LXBbKAhhMqgj3rGOBWOah,73rMD23ocpYxwQXJQJyRDv,55,2023-08-25,253000,False,https://open.spotify.com/track/73rMD23ocpYxwQXJQJyRDv,0.765,0.505,11,-6.698,0,0.0345,0.147,0.0,0.0988,0.526,119.957
